18:46:56,null,TEST START TIMESTAMP
18:46:57,REGISTER,1017
18:46:58,LOGIN,883
18:46:58,SEARCH_LABELS,9
18:46:58,SEARCH_STORIES,6
18:46:58,SEARCH_STORIES,69
18:46:58,EXPORT_STORY,263
18:46:58,CREATE_STORY,8
18:46:58,UPDATE_STORY,15
18:46:58,DELETE_STORY,13
18:46:59,REGISTER,905
18:47:0,LOGIN,875
18:47:0,SEARCH_LABELS,6
18:47:0,SEARCH_STORIES,6
18:47:0,SEARCH_STORIES,55
18:47:0,EXPORT_STORY,271
18:47:0,CREATE_STORY,9
18:47:0,UPDATE_STORY,14
18:47:0,DELETE_STORY,15
18:47:1,REGISTER,899
18:47:2,LOGIN,874
18:47:2,SEARCH_LABELS,6
18:47:2,SEARCH_STORIES,5
18:47:2,SEARCH_STORIES,50
18:47:2,EXPORT_STORY,250
18:47:2,CREATE_STORY,9
18:47:2,UPDATE_STORY,13
18:47:2,DELETE_STORY,12
18:47:2,REGISTER,891
18:47:3,LOGIN,874
18:47:3,SEARCH_LABELS,5
18:47:3,SEARCH_STORIES,4
18:47:3,SEARCH_STORIES,34
18:47:4,EXPORT_STORY,355
18:47:4,CREATE_STORY,9
18:47:4,UPDATE_STORY,13
18:47:4,DELETE_STORY,12
18:47:4,REGISTER,907
18:47:5,LOGIN,876
18:47:5,SEARCH_LABELS,5
18:47:5,SEARCH_STORIES,5
18:47:5,SEARCH_STORIES,46
18:47:5,EXPORT_STORY,228
18:47:5,CREATE_STORY,8
18:47:5,UPDATE_STORY,14
18:47:6,DELETE_STORY,11
18:47:6,REGISTER,891
18:47:7,LOGIN,876
18:47:7,SEARCH_LABELS,5
18:47:7,SEARCH_STORIES,4
18:47:7,SEARCH_STORIES,41
18:47:7,EXPORT_STORY,244
18:47:7,CREATE_STORY,9
18:47:7,UPDATE_STORY,14
18:47:7,DELETE_STORY,13
18:47:8,REGISTER,891
18:47:8,SEARCH_LABELS,5
18:47:8,SEARCH_STORIES,4
18:47:8,SEARCH_STORIES,33
18:47:8,EXPORT_STORY,256
18:47:8,CREATE_STORY,9
18:47:8,UPDATE_STORY,12
18:47:8,DELETE_STORY,13
18:47:9,LOGIN,886
18:47:9,SEARCH_LABELS,5
18:47:9,SEARCH_STORIES,4
18:47:9,SEARCH_STORIES,36
18:47:9,EXPORT_STORY,254
18:47:9,CREATE_STORY,9
18:47:9,UPDATE_STORY,14
18:47:9,DELETE_STORY,12
18:47:10,REGISTER,894
18:47:10,SEARCH_LABELS,4
18:47:10,SEARCH_STORIES,4
18:47:10,SEARCH_STORIES,42
18:47:10,EXPORT_STORY,229
18:47:10,CREATE_STORY,9
18:47:10,UPDATE_STORY,13
18:47:10,DELETE_STORY,13
18:47:10,LOGIN,886
18:47:10,SEARCH_LABELS,8
18:47:10,SEARCH_STORIES,4
18:47:10,SEARCH_STORIES,34
18:47:11,EXPORT_STORY,247
18:47:11,CREATE_STORY,9
18:47:11,UPDATE_STORY,13
18:47:11,DELETE_STORY,12
18:47:11,REGISTER,889
18:47:12,SEARCH_LABELS,6
18:47:12,SEARCH_STORIES,4
18:47:12,SEARCH_STORIES,33
18:47:12,EXPORT_STORY,260
18:47:12,CREATE_STORY,8
18:47:12,UPDATE_STORY,14
18:47:12,DELETE_STORY,12
18:47:12,LOGIN,888
18:47:12,SEARCH_LABELS,5
18:47:12,SEARCH_STORIES,4
18:47:12,SEARCH_STORIES,38
18:47:13,EXPORT_STORY,234
18:47:13,CREATE_STORY,8
18:47:13,UPDATE_STORY,13
18:47:13,DELETE_STORY,11
18:47:13,REGISTER,891
18:47:13,SEARCH_LABELS,5
18:47:13,SEARCH_STORIES,4
18:47:13,SEARCH_STORIES,35
18:47:14,EXPORT_STORY,234
18:47:14,CREATE_STORY,8
18:47:14,UPDATE_STORY,14
18:47:14,DELETE_STORY,12
18:47:14,LOGIN,882
18:47:14,SEARCH_LABELS,4
18:47:14,SEARCH_STORIES,3
18:47:14,SEARCH_STORIES,38
18:47:14,EXPORT_STORY,256
18:47:14,CREATE_STORY,8
18:47:14,UPDATE_STORY,12
18:47:14,DELETE_STORY,11
18:47:15,REGISTER,887
18:47:15,SEARCH_LABELS,5
18:47:15,SEARCH_STORIES,4
18:47:15,SEARCH_STORIES,34
18:47:15,EXPORT_STORY,249
18:47:15,CREATE_STORY,8
18:47:15,UPDATE_STORY,13
18:47:16,DELETE_STORY,13
18:47:16,LOGIN,887
18:47:16,SEARCH_LABELS,6
18:47:16,SEARCH_STORIES,4
18:47:16,SEARCH_STORIES,40
18:47:16,EXPORT_STORY,272
18:47:16,CREATE_STORY,8
18:47:16,UPDATE_STORY,12
18:47:16,DELETE_STORY,11
18:47:17,REGISTER,903
18:47:17,SEARCH_LABELS,4
18:47:17,SEARCH_STORIES,4
18:47:17,SEARCH_STORIES,35
18:47:17,EXPORT_STORY,239
18:47:17,CREATE_STORY,9
18:47:17,UPDATE_STORY,13
18:47:17,DELETE_STORY,12
18:47:18,LOGIN,893
18:47:18,SEARCH_LABELS,6
18:47:18,SEARCH_STORIES,4
18:47:18,SEARCH_STORIES,44
18:47:18,EXPORT_STORY,255
18:47:18,CREATE_STORY,7
18:47:18,UPDATE_STORY,12
18:47:18,DELETE_STORY,15
18:47:18,SEARCH_LABELS,6
18:47:18,SEARCH_STORIES,6
18:47:18,SEARCH_STORIES,47
18:47:18,EXPORT_STORY,244
18:47:18,CREATE_STORY,8
18:47:18,UPDATE_STORY,13
18:47:18,DELETE_STORY,11
18:47:18,REGISTER,921
18:47:19,SEARCH_LABELS,5
18:47:19,SEARCH_STORIES,4
18:47:19,SEARCH_STORIES,33
18:47:19,EXPORT_STORY,264
18:47:19,CREATE_STORY,9
18:47:19,UPDATE_STORY,15
18:47:19,DELETE_STORY,12
18:47:19,LOGIN,884
18:47:19,SEARCH_LABELS,4
18:47:19,SEARCH_STORIES,4
18:47:19,SEARCH_STORIES,42
18:47:20,EXPORT_STORY,265
18:47:20,CREATE_STORY,8
18:47:20,SEARCH_LABELS,4
18:47:20,SEARCH_STORIES,4
18:47:20,UPDATE_STORY,14
18:47:20,DELETE_STORY,18
18:47:20,SEARCH_STORIES,41
18:47:20,EXPORT_STORY,251
18:47:20,CREATE_STORY,9
18:47:20,UPDATE_STORY,13
18:47:20,DELETE_STORY,12
18:47:20,REGISTER,902
18:47:20,SEARCH_LABELS,5
18:47:20,SEARCH_STORIES,4
18:47:20,SEARCH_STORIES,31
18:47:21,EXPORT_STORY,255
18:47:21,CREATE_STORY,11
18:47:21,UPDATE_STORY,13
18:47:21,DELETE_STORY,12
18:47:21,LOGIN,880
18:47:21,SEARCH_LABELS,5
18:47:21,SEARCH_STORIES,4
18:47:21,SEARCH_STORIES,36
18:47:22,EXPORT_STORY,267
18:47:22,SEARCH_LABELS,5
18:47:22,CREATE_STORY,8
18:47:22,SEARCH_STORIES,4
18:47:22,UPDATE_STORY,17
18:47:22,DELETE_STORY,14
18:47:22,SEARCH_STORIES,37
18:47:22,EXPORT_STORY,258
18:47:22,CREATE_STORY,8
18:47:22,UPDATE_STORY,14
18:47:22,DELETE_STORY,11
18:47:22,REGISTER,907
18:47:22,SEARCH_LABELS,4
18:47:22,SEARCH_STORIES,4
18:47:22,SEARCH_STORIES,39
18:47:23,EXPORT_STORY,228
18:47:23,CREATE_STORY,9
18:47:23,UPDATE_STORY,15
18:47:23,DELETE_STORY,11
18:47:23,LOGIN,884
18:47:23,SEARCH_LABELS,6
18:47:23,SEARCH_STORIES,10
18:47:23,SEARCH_STORIES,31
18:47:23,SEARCH_LABELS,6
18:47:23,EXPORT_STORY,251
18:47:23,SEARCH_STORIES,5
18:47:23,CREATE_STORY,10
18:47:23,UPDATE_STORY,22
18:47:23,SEARCH_STORIES,40
18:47:23,DELETE_STORY,14
18:47:24,EXPORT_STORY,253
18:47:24,CREATE_STORY,8
18:47:24,UPDATE_STORY,12
18:47:24,DELETE_STORY,11
18:47:24,REGISTER,917
18:47:24,SEARCH_LABELS,5
18:47:24,SEARCH_STORIES,4
18:47:24,SEARCH_STORIES,38
18:47:24,EXPORT_STORY,243
18:47:24,CREATE_STORY,9
18:47:24,UPDATE_STORY,12
18:47:24,DELETE_STORY,11
18:47:25,LOGIN,889
18:47:25,SEARCH_LABELS,4
18:47:25,SEARCH_STORIES,5
18:47:25,SEARCH_STORIES,35
18:47:25,SEARCH_LABELS,6
18:47:25,SEARCH_STORIES,5
18:47:25,SEARCH_STORIES,55
18:47:25,EXPORT_STORY,288
18:47:25,CREATE_STORY,10
18:47:25,UPDATE_STORY,13
18:47:25,DELETE_STORY,19
18:47:25,EXPORT_STORY,229
18:47:25,CREATE_STORY,8
18:47:26,UPDATE_STORY,14
18:47:26,DELETE_STORY,12
18:47:26,REGISTER,908
18:47:26,SEARCH_LABELS,5
18:47:26,SEARCH_STORIES,3
18:47:26,SEARCH_STORIES,44
18:47:26,EXPORT_STORY,254
18:47:26,CREATE_STORY,9
18:47:26,UPDATE_STORY,14
18:47:26,DELETE_STORY,13
18:47:27,LOGIN,887
18:47:27,SEARCH_LABELS,5
18:47:27,SEARCH_STORIES,4
18:47:27,SEARCH_STORIES,36
18:47:27,SEARCH_LABELS,6
18:47:27,SEARCH_STORIES,5
18:47:27,SEARCH_STORIES,51
18:47:27,EXPORT_STORY,287
18:47:27,CREATE_STORY,8
18:47:27,UPDATE_STORY,13
18:47:27,DELETE_STORY,12
18:47:27,EXPORT_STORY,244
18:47:27,CREATE_STORY,8
18:47:27,UPDATE_STORY,13
18:47:27,DELETE_STORY,12
18:47:27,REGISTER,916
18:47:28,SEARCH_LABELS,5
18:47:28,SEARCH_STORIES,4
18:47:28,SEARCH_STORIES,38
18:47:28,EXPORT_STORY,241
18:47:28,CREATE_STORY,9
18:47:28,UPDATE_STORY,14
18:47:28,DELETE_STORY,12
18:47:28,SEARCH_LABELS,4
18:47:28,SEARCH_STORIES,3
18:47:28,SEARCH_STORIES,44
18:47:28,LOGIN,915
18:47:28,SEARCH_LABELS,6
18:47:28,SEARCH_STORIES,6
18:47:28,SEARCH_STORIES,48
18:47:28,EXPORT_STORY,329
18:47:28,CREATE_STORY,8
18:47:28,UPDATE_STORY,13
18:47:29,DELETE_STORY,12
18:47:29,SEARCH_LABELS,6
18:47:29,SEARCH_STORIES,7
18:47:29,SEARCH_STORIES,49
18:47:29,EXPORT_STORY,309
18:47:29,CREATE_STORY,8
18:47:29,UPDATE_STORY,12
18:47:29,DELETE_STORY,17
18:47:29,EXPORT_STORY,290
18:47:29,CREATE_STORY,8
18:47:29,UPDATE_STORY,13
18:47:29,DELETE_STORY,12
18:47:29,REGISTER,941
18:47:29,SEARCH_LABELS,4
18:47:29,SEARCH_STORIES,4
18:47:29,SEARCH_STORIES,36
18:47:30,EXPORT_STORY,259
18:47:30,CREATE_STORY,8
18:47:30,UPDATE_STORY,12
18:47:30,SEARCH_LABELS,4
18:47:30,SEARCH_STORIES,3
18:47:30,DELETE_STORY,14
18:47:30,SEARCH_STORIES,35
18:47:30,EXPORT_STORY,248
18:47:30,CREATE_STORY,8
18:47:30,UPDATE_STORY,11
18:47:30,LOGIN,894
18:47:30,DELETE_STORY,14
18:47:30,SEARCH_LABELS,5
18:47:30,SEARCH_STORIES,4
18:47:30,SEARCH_STORIES,43
18:47:30,SEARCH_LABELS,6
18:47:30,SEARCH_STORIES,5
18:47:30,SEARCH_STORIES,43
18:47:31,EXPORT_STORY,272
18:47:31,CREATE_STORY,8
18:47:31,UPDATE_STORY,14
18:47:31,DELETE_STORY,15
18:47:31,EXPORT_STORY,252
18:47:31,CREATE_STORY,8
18:47:31,UPDATE_STORY,12
18:47:31,DELETE_STORY,11
18:47:31,REGISTER,903
18:47:31,SEARCH_LABELS,4
18:47:31,SEARCH_STORIES,4
18:47:31,SEARCH_STORIES,30
18:47:31,EXPORT_STORY,231
18:47:31,CREATE_STORY,8
18:47:32,UPDATE_STORY,15
18:47:32,DELETE_STORY,11
18:47:32,SEARCH_LABELS,5
18:47:32,SEARCH_STORIES,4
18:47:32,SEARCH_STORIES,27
18:47:32,EXPORT_STORY,225
18:47:32,CREATE_STORY,8
18:47:32,UPDATE_STORY,13
18:47:32,DELETE_STORY,12
18:47:32,LOGIN,887
18:47:32,SEARCH_LABELS,4
18:47:32,SEARCH_STORIES,4
18:47:32,SEARCH_STORIES,33
18:47:32,SEARCH_LABELS,5
18:47:32,SEARCH_STORIES,5
18:47:32,SEARCH_STORIES,42
18:47:32,EXPORT_STORY,252
18:47:32,CREATE_STORY,8
18:47:32,UPDATE_STORY,13
18:47:32,DELETE_STORY,12
18:47:33,EXPORT_STORY,230
18:47:33,CREATE_STORY,7
18:47:33,UPDATE_STORY,26
18:47:33,DELETE_STORY,20
18:47:33,SEARCH_LABELS,5
18:47:33,SEARCH_STORIES,4
18:47:33,SEARCH_STORIES,32
18:47:33,EXPORT_STORY,219
18:47:33,CREATE_STORY,9
18:47:33,UPDATE_STORY,13
18:47:33,DELETE_STORY,13
18:47:33,SEARCH_LABELS,4
18:47:33,SEARCH_STORIES,3
18:47:33,SEARCH_STORIES,35
18:47:34,EXPORT_STORY,225
18:47:34,CREATE_STORY,8
18:47:34,UPDATE_STORY,14
18:47:34,DELETE_STORY,13
18:47:34,SEARCH_LABELS,4
18:47:34,SEARCH_STORIES,4
18:47:34,SEARCH_STORIES,34
18:47:34,EXPORT_STORY,226
18:47:34,CREATE_STORY,9
18:47:34,UPDATE_STORY,13
18:47:34,DELETE_STORY,12
18:47:35,SEARCH_LABELS,5
18:47:35,SEARCH_STORIES,4
18:47:35,SEARCH_STORIES,35
18:47:35,EXPORT_STORY,208
18:47:35,CREATE_STORY,9
18:47:35,SEARCH_LABELS,6
18:47:35,UPDATE_STORY,15
18:47:35,SEARCH_STORIES,4
18:47:35,DELETE_STORY,13
18:47:35,SEARCH_STORIES,37
18:47:35,EXPORT_STORY,208
18:47:35,CREATE_STORY,9
18:47:35,UPDATE_STORY,16
18:47:35,DELETE_STORY,12
18:47:36,SEARCH_LABELS,5
18:47:36,SEARCH_STORIES,4
18:47:36,SEARCH_STORIES,37
18:47:36,EXPORT_STORY,214
18:47:36,CREATE_STORY,8
18:47:36,UPDATE_STORY,16
18:47:36,DELETE_STORY,11
18:47:37,SEARCH_LABELS,5
18:47:37,SEARCH_STORIES,4
18:47:37,SEARCH_STORIES,32
18:47:37,SEARCH_LABELS,5
18:47:37,SEARCH_STORIES,5
18:47:37,EXPORT_STORY,223
18:47:37,CREATE_STORY,9
18:47:37,SEARCH_STORIES,34
18:47:37,UPDATE_STORY,17
18:47:37,DELETE_STORY,12
18:47:37,EXPORT_STORY,216
18:47:37,CREATE_STORY,8
18:47:37,UPDATE_STORY,13
18:47:37,DELETE_STORY,12
18:47:38,SEARCH_LABELS,5
18:47:38,SEARCH_STORIES,4
18:47:38,SEARCH_STORIES,35
18:47:38,EXPORT_STORY,220
18:47:38,CREATE_STORY,9
18:47:38,UPDATE_STORY,15
18:47:38,DELETE_STORY,12
18:47:38,SEARCH_LABELS,4
18:47:38,SEARCH_STORIES,3
18:47:38,SEARCH_STORIES,30
18:47:38,EXPORT_STORY,229
18:47:38,CREATE_STORY,8
18:47:38,SEARCH_LABELS,4
18:47:38,SEARCH_STORIES,3
18:47:38,UPDATE_STORY,15
18:47:38,DELETE_STORY,13
18:47:38,SEARCH_STORIES,32
18:47:39,SEARCH_LABELS,6
18:47:39,SEARCH_STORIES,4
18:47:39,SEARCH_STORIES,42
18:47:39,EXPORT_STORY,237
18:47:39,CREATE_STORY,8
18:47:39,UPDATE_STORY,12
18:47:39,DELETE_STORY,11
18:47:39,EXPORT_STORY,203
18:47:39,CREATE_STORY,8
18:47:39,UPDATE_STORY,16
18:47:39,DELETE_STORY,13
18:47:39,SEARCH_LABELS,4
18:47:39,SEARCH_STORIES,4
18:47:39,SEARCH_STORIES,33
18:47:40,EXPORT_STORY,223
18:47:40,CREATE_STORY,7
18:47:40,UPDATE_STORY,15
18:47:40,DELETE_STORY,14
18:47:40,SEARCH_LABELS,4
18:47:40,SEARCH_STORIES,3
18:47:40,SEARCH_STORIES,34
18:47:40,EXPORT_STORY,212
18:47:40,CREATE_STORY,8
18:47:40,UPDATE_STORY,13
18:47:40,DELETE_STORY,12
18:47:40,SEARCH_LABELS,4
18:47:40,SEARCH_STORIES,4
18:47:40,SEARCH_STORIES,31
18:47:40,SEARCH_LABELS,7
18:47:40,SEARCH_STORIES,6
18:47:40,SEARCH_STORIES,43
18:47:41,EXPORT_STORY,298
18:47:41,CREATE_STORY,10
18:47:41,UPDATE_STORY,15
18:47:41,DELETE_STORY,17
18:47:41,EXPORT_STORY,246
18:47:41,CREATE_STORY,7
18:47:41,UPDATE_STORY,13
18:47:41,DELETE_STORY,12
18:47:41,SEARCH_LABELS,5
18:47:41,SEARCH_STORIES,3
18:47:41,SEARCH_STORIES,31
18:47:41,EXPORT_STORY,229
18:47:41,CREATE_STORY,8
18:47:42,UPDATE_STORY,14
18:47:42,DELETE_STORY,14
18:47:42,SEARCH_LABELS,4
18:47:42,SEARCH_STORIES,3
18:47:42,SEARCH_STORIES,33
18:47:42,EXPORT_STORY,210
18:47:42,CREATE_STORY,8
18:47:42,UPDATE_STORY,13
18:47:42,DELETE_STORY,12
18:47:42,SEARCH_LABELS,4
18:47:42,SEARCH_STORIES,4
18:47:42,SEARCH_STORIES,32
18:47:42,SEARCH_LABELS,6
18:47:42,SEARCH_STORIES,5
18:47:42,SEARCH_STORIES,52
18:47:42,EXPORT_STORY,263
18:47:42,CREATE_STORY,8
18:47:42,UPDATE_STORY,12
18:47:42,DELETE_STORY,13
18:47:43,EXPORT_STORY,241
18:47:43,CREATE_STORY,7
18:47:43,UPDATE_STORY,14
18:47:43,DELETE_STORY,11
18:47:43,SEARCH_LABELS,4
18:47:43,SEARCH_STORIES,4
18:47:43,SEARCH_STORIES,32
18:47:43,EXPORT_STORY,222
18:47:43,CREATE_STORY,8
18:47:43,UPDATE_STORY,14
18:47:43,DELETE_STORY,12
18:47:43,SEARCH_LABELS,4
18:47:43,SEARCH_STORIES,4
18:47:43,SEARCH_STORIES,32
18:47:44,EXPORT_STORY,223
18:47:44,CREATE_STORY,8
18:47:44,UPDATE_STORY,13
18:47:44,DELETE_STORY,13
18:47:44,SEARCH_LABELS,4
18:47:44,SEARCH_STORIES,3
18:47:44,SEARCH_STORIES,31
18:47:44,EXPORT_STORY,228
18:47:44,CREATE_STORY,8
18:47:44,UPDATE_STORY,16
18:47:44,DELETE_STORY,12
18:47:45,SEARCH_LABELS,4
18:47:45,SEARCH_STORIES,4
18:47:45,SEARCH_STORIES,35
18:47:45,EXPORT_STORY,215
18:47:45,CREATE_STORY,9
18:47:45,SEARCH_LABELS,4
18:47:45,SEARCH_STORIES,3
18:47:45,UPDATE_STORY,13
18:47:45,DELETE_STORY,14
18:47:45,SEARCH_STORIES,32
18:47:45,EXPORT_STORY,212
18:47:45,CREATE_STORY,9
18:47:45,UPDATE_STORY,18
18:47:45,DELETE_STORY,12
18:47:46,SEARCH_LABELS,5
18:47:46,SEARCH_STORIES,3
18:47:46,SEARCH_STORIES,31
18:47:46,EXPORT_STORY,213
18:47:46,CREATE_STORY,7
18:47:46,UPDATE_STORY,14
18:47:46,DELETE_STORY,12
18:47:47,SEARCH_LABELS,4
18:47:47,SEARCH_STORIES,3
18:47:47,SEARCH_STORIES,33
18:47:47,SEARCH_LABELS,5
18:47:47,EXPORT_STORY,212
18:47:47,SEARCH_STORIES,4
18:47:47,CREATE_STORY,11
18:47:47,UPDATE_STORY,13
18:47:47,SEARCH_STORIES,35
18:47:47,DELETE_STORY,14
18:47:47,EXPORT_STORY,208
18:47:47,CREATE_STORY,7
18:47:47,UPDATE_STORY,12
18:47:47,DELETE_STORY,12
18:47:48,SEARCH_LABELS,5
18:47:48,SEARCH_STORIES,3
18:47:48,SEARCH_STORIES,33
18:47:48,EXPORT_STORY,225
18:47:48,CREATE_STORY,9
18:47:48,UPDATE_STORY,13
18:47:48,DELETE_STORY,13
18:47:48,SEARCH_LABELS,4
18:47:48,SEARCH_STORIES,3
18:47:48,SEARCH_STORIES,35
18:47:48,EXPORT_STORY,221
18:47:48,CREATE_STORY,8
18:47:48,SEARCH_LABELS,5
18:47:48,SEARCH_STORIES,3
18:47:48,UPDATE_STORY,13
18:47:48,DELETE_STORY,14
18:47:48,SEARCH_STORIES,34
18:47:49,SEARCH_LABELS,6
18:47:49,SEARCH_STORIES,6
18:47:49,SEARCH_STORIES,41
18:47:49,EXPORT_STORY,234
18:47:49,CREATE_STORY,8
18:47:49,UPDATE_STORY,12
18:47:49,DELETE_STORY,12
18:47:49,EXPORT_STORY,206
18:47:49,CREATE_STORY,8
18:47:49,UPDATE_STORY,14
18:47:49,DELETE_STORY,12
18:47:49,SEARCH_LABELS,4
18:47:49,SEARCH_STORIES,4
18:47:49,SEARCH_STORIES,35
18:47:50,EXPORT_STORY,223
18:47:50,CREATE_STORY,9
18:47:50,UPDATE_STORY,13
18:47:50,DELETE_STORY,13
18:47:50,SEARCH_LABELS,3
18:47:50,SEARCH_STORIES,4
18:47:50,SEARCH_STORIES,34
18:47:50,EXPORT_STORY,207
18:47:50,CREATE_STORY,9
18:47:50,UPDATE_STORY,14
18:47:50,DELETE_STORY,12
18:47:50,SEARCH_LABELS,4
18:47:50,SEARCH_STORIES,4
18:47:50,SEARCH_STORIES,32
18:47:50,SEARCH_LABELS,6
18:47:50,SEARCH_STORIES,5
18:47:50,SEARCH_STORIES,47
18:47:51,EXPORT_STORY,264
18:47:51,CREATE_STORY,8
18:47:51,UPDATE_STORY,13
18:47:51,DELETE_STORY,13
18:47:51,EXPORT_STORY,230
18:47:51,CREATE_STORY,8
18:47:51,UPDATE_STORY,12
18:47:51,DELETE_STORY,12
18:47:51,SEARCH_LABELS,4
18:47:51,SEARCH_STORIES,4
18:47:51,SEARCH_STORIES,34
18:47:51,EXPORT_STORY,225
18:47:51,CREATE_STORY,10
18:47:52,UPDATE_STORY,14
18:47:52,DELETE_STORY,12
18:47:52,SEARCH_LABELS,5
18:47:52,SEARCH_STORIES,3
18:47:52,SEARCH_STORIES,32
18:47:52,EXPORT_STORY,214
18:47:52,CREATE_STORY,7
18:47:52,UPDATE_STORY,15
18:47:52,DELETE_STORY,12
18:47:52,SEARCH_LABELS,3
18:47:52,SEARCH_STORIES,3
18:47:52,SEARCH_STORIES,30
18:47:52,SEARCH_LABELS,6
18:47:52,SEARCH_STORIES,5
18:47:52,SEARCH_STORIES,44
18:47:52,EXPORT_STORY,269
18:47:52,CREATE_STORY,8
18:47:52,UPDATE_STORY,13
18:47:52,DELETE_STORY,14
18:47:53,EXPORT_STORY,317
18:47:53,CREATE_STORY,8
18:47:53,UPDATE_STORY,13
18:47:53,DELETE_STORY,12
18:47:53,SEARCH_LABELS,5
18:47:53,SEARCH_STORIES,4
18:47:53,SEARCH_STORIES,32
18:47:53,EXPORT_STORY,213
18:47:53,CREATE_STORY,7
18:47:53,UPDATE_STORY,12
18:47:53,DELETE_STORY,14
18:47:53,SEARCH_LABELS,4
18:47:53,SEARCH_STORIES,3
18:47:53,SEARCH_STORIES,32
18:47:54,EXPORT_STORY,239
18:47:54,CREATE_STORY,7
18:47:54,UPDATE_STORY,11
18:47:54,DELETE_STORY,12
18:47:54,SEARCH_LABELS,4
18:47:54,SEARCH_STORIES,3
18:47:54,SEARCH_STORIES,32
18:47:54,EXPORT_STORY,219
18:47:54,CREATE_STORY,8
18:47:54,UPDATE_STORY,13
18:47:54,DELETE_STORY,12
18:47:55,SEARCH_LABELS,4
18:47:55,SEARCH_STORIES,4
18:47:55,SEARCH_STORIES,31
18:47:55,EXPORT_STORY,206
18:47:55,CREATE_STORY,8
18:47:55,UPDATE_STORY,12
18:47:55,SEARCH_LABELS,4
18:47:55,DELETE_STORY,11
18:47:55,SEARCH_STORIES,3
18:47:55,SEARCH_STORIES,29
18:47:55,EXPORT_STORY,207
18:47:55,CREATE_STORY,8
18:47:55,UPDATE_STORY,12
18:47:55,DELETE_STORY,12
18:47:56,SEARCH_LABELS,5
18:47:56,SEARCH_STORIES,4
18:47:56,SEARCH_STORIES,32
18:47:56,EXPORT_STORY,208
18:47:56,CREATE_STORY,8
18:47:56,UPDATE_STORY,13
18:47:56,DELETE_STORY,10
18:47:57,SEARCH_LABELS,4
18:47:57,SEARCH_STORIES,4
18:47:57,SEARCH_STORIES,34
18:47:57,SEARCH_LABELS,5
18:47:57,SEARCH_STORIES,5
18:47:57,EXPORT_STORY,221
18:47:57,CREATE_STORY,9
18:47:57,UPDATE_STORY,16
18:47:57,SEARCH_STORIES,37
18:47:57,DELETE_STORY,12
18:47:57,EXPORT_STORY,203
18:47:57,CREATE_STORY,9
18:47:57,UPDATE_STORY,12
18:47:57,DELETE_STORY,10
18:47:58,SEARCH_LABELS,5
18:47:58,SEARCH_STORIES,3
18:47:58,SEARCH_STORIES,32
18:47:58,EXPORT_STORY,224
18:47:58,CREATE_STORY,8
18:47:58,UPDATE_STORY,12
18:47:58,DELETE_STORY,11
18:47:58,SEARCH_LABELS,4
18:47:58,SEARCH_STORIES,3
18:47:58,SEARCH_STORIES,31
18:47:58,EXPORT_STORY,214
18:47:58,CREATE_STORY,7
18:47:58,UPDATE_STORY,11
18:47:58,SEARCH_LABELS,4
18:47:58,SEARCH_STORIES,3
18:47:58,DELETE_STORY,11
18:47:58,SEARCH_STORIES,34
18:47:59,SEARCH_LABELS,6
18:47:59,SEARCH_STORIES,5
18:47:59,SEARCH_STORIES,43
18:47:59,EXPORT_STORY,235
18:47:59,CREATE_STORY,9
18:47:59,UPDATE_STORY,12
18:47:59,DELETE_STORY,11
18:47:59,EXPORT_STORY,213
18:47:59,CREATE_STORY,7
18:47:59,UPDATE_STORY,10
18:47:59,DELETE_STORY,11
18:47:59,SEARCH_LABELS,4
18:47:59,SEARCH_STORIES,3
18:47:59,SEARCH_STORIES,33
18:48:0,EXPORT_STORY,216
18:48:0,CREATE_STORY,8
18:48:0,UPDATE_STORY,12
18:48:0,DELETE_STORY,13
18:48:0,SEARCH_LABELS,4
18:48:0,SEARCH_STORIES,3
18:48:0,SEARCH_STORIES,31
18:48:0,EXPORT_STORY,205
18:48:0,CREATE_STORY,8
18:48:0,UPDATE_STORY,12
18:48:0,DELETE_STORY,12
18:48:0,SEARCH_LABELS,4
18:48:0,SEARCH_STORIES,3
18:48:0,SEARCH_STORIES,30
18:48:0,SEARCH_LABELS,6
18:48:0,SEARCH_STORIES,4
18:48:0,SEARCH_STORIES,45
18:48:1,EXPORT_STORY,244
18:48:1,CREATE_STORY,7
18:48:1,UPDATE_STORY,13
18:48:1,DELETE_STORY,10
18:48:1,EXPORT_STORY,213
18:48:1,CREATE_STORY,7
18:48:1,UPDATE_STORY,12
18:48:1,DELETE_STORY,11
18:48:1,SEARCH_LABELS,4
18:48:1,SEARCH_STORIES,4
18:48:1,SEARCH_STORIES,33
18:48:1,EXPORT_STORY,239
18:48:2,CREATE_STORY,9
18:48:2,UPDATE_STORY,11
18:48:2,DELETE_STORY,12
18:48:2,SEARCH_LABELS,4
18:48:2,SEARCH_STORIES,4
18:48:2,SEARCH_STORIES,33
18:48:2,EXPORT_STORY,216
18:48:2,CREATE_STORY,8
18:48:2,UPDATE_STORY,12
18:48:2,DELETE_STORY,14
18:48:2,SEARCH_LABELS,5
18:48:2,SEARCH_STORIES,3
18:48:2,SEARCH_STORIES,32
18:48:2,SEARCH_LABELS,6
18:48:2,SEARCH_STORIES,5
18:48:2,SEARCH_STORIES,44
18:48:2,EXPORT_STORY,250
18:48:2,CREATE_STORY,8
18:48:2,UPDATE_STORY,12
18:48:2,DELETE_STORY,11
18:48:3,EXPORT_STORY,230
18:48:3,CREATE_STORY,7
18:48:3,UPDATE_STORY,12
18:48:3,DELETE_STORY,10
18:48:3,SEARCH_LABELS,5
18:48:3,SEARCH_STORIES,4
18:48:3,SEARCH_STORIES,30
18:48:3,EXPORT_STORY,220
18:48:3,CREATE_STORY,7
18:48:3,UPDATE_STORY,12
18:48:3,DELETE_STORY,11
18:48:3,SEARCH_LABELS,4
18:48:3,SEARCH_STORIES,3
18:48:3,SEARCH_STORIES,32
18:48:4,EXPORT_STORY,230
18:48:4,CREATE_STORY,7
18:48:4,UPDATE_STORY,38
18:48:4,DELETE_STORY,12
18:48:4,SEARCH_LABELS,4
18:48:4,SEARCH_STORIES,3
18:48:4,SEARCH_STORIES,33
18:48:4,EXPORT_STORY,214
18:48:4,CREATE_STORY,8
18:48:4,UPDATE_STORY,13
18:48:4,DELETE_STORY,12
18:48:5,SEARCH_LABELS,4
18:48:5,SEARCH_STORIES,4
18:48:5,SEARCH_STORIES,70
18:48:5,SEARCH_LABELS,5
18:48:5,SEARCH_STORIES,5
18:48:5,EXPORT_STORY,223
18:48:5,CREATE_STORY,8
18:48:5,SEARCH_STORIES,40
18:48:5,UPDATE_STORY,15
18:48:5,DELETE_STORY,11
18:48:5,EXPORT_STORY,219
18:48:5,CREATE_STORY,8
18:48:5,UPDATE_STORY,14
18:48:5,DELETE_STORY,11
18:48:6,SEARCH_LABELS,5
18:48:6,SEARCH_STORIES,3
18:48:6,SEARCH_STORIES,32
18:48:6,EXPORT_STORY,212
18:48:6,CREATE_STORY,8
18:48:6,UPDATE_STORY,12
18:48:6,DELETE_STORY,12
18:48:7,SEARCH_LABELS,4
18:48:7,SEARCH_STORIES,4
18:48:7,SEARCH_STORIES,31
18:48:7,SEARCH_LABELS,10
18:48:7,SEARCH_STORIES,7
18:48:7,EXPORT_STORY,238
18:48:7,CREATE_STORY,18
18:48:7,SEARCH_STORIES,59
18:48:7,UPDATE_STORY,25
18:48:7,DELETE_STORY,11
18:48:7,EXPORT_STORY,237
18:48:7,CREATE_STORY,8
18:48:7,UPDATE_STORY,15
18:48:7,DELETE_STORY,12
18:48:8,SEARCH_LABELS,5
18:48:8,SEARCH_STORIES,3
18:48:8,SEARCH_STORIES,31
18:48:8,EXPORT_STORY,211
18:48:8,CREATE_STORY,7
18:48:8,UPDATE_STORY,12
18:48:8,DELETE_STORY,14
18:48:8,SEARCH_LABELS,3
18:48:8,SEARCH_STORIES,3
18:48:8,SEARCH_STORIES,34
18:48:8,EXPORT_STORY,218
18:48:8,CREATE_STORY,7
18:48:8,SEARCH_LABELS,4
18:48:8,SEARCH_STORIES,3
18:48:8,UPDATE_STORY,12
18:48:8,DELETE_STORY,13
18:48:8,SEARCH_STORIES,32
18:48:9,SEARCH_LABELS,6
18:48:9,SEARCH_STORIES,4
18:48:9,SEARCH_STORIES,44
18:48:9,EXPORT_STORY,233
18:48:9,CREATE_STORY,7
18:48:9,UPDATE_STORY,13
18:48:9,DELETE_STORY,12
18:48:9,EXPORT_STORY,210
18:48:9,CREATE_STORY,8
18:48:9,UPDATE_STORY,13
18:48:9,DELETE_STORY,13
18:48:9,SEARCH_LABELS,4
18:48:9,SEARCH_STORIES,3
18:48:9,SEARCH_STORIES,31
18:48:10,EXPORT_STORY,215
18:48:10,CREATE_STORY,9
18:48:10,UPDATE_STORY,12
18:48:10,DELETE_STORY,12
18:48:10,SEARCH_LABELS,3
18:48:10,SEARCH_STORIES,3
18:48:10,SEARCH_STORIES,31
18:48:10,EXPORT_STORY,243
18:48:10,CREATE_STORY,8
18:48:10,UPDATE_STORY,13
18:48:10,DELETE_STORY,12
18:48:10,SEARCH_LABELS,4
18:48:10,SEARCH_STORIES,3
18:48:10,SEARCH_STORIES,37
18:48:10,SEARCH_LABELS,6
18:48:10,SEARCH_STORIES,5
18:48:10,SEARCH_STORIES,41
18:48:11,EXPORT_STORY,243
18:48:11,CREATE_STORY,7
18:48:11,UPDATE_STORY,13
18:48:11,DELETE_STORY,11
18:48:11,EXPORT_STORY,230
18:48:11,CREATE_STORY,8
18:48:11,UPDATE_STORY,11
18:48:11,DELETE_STORY,14
18:48:11,SEARCH_LABELS,4
18:48:11,SEARCH_STORIES,4
18:48:11,SEARCH_STORIES,35
18:48:11,EXPORT_STORY,208
18:48:11,CREATE_STORY,7
18:48:11,UPDATE_STORY,13
18:48:11,DELETE_STORY,11
18:48:12,SEARCH_LABELS,4
18:48:12,SEARCH_STORIES,3
18:48:12,SEARCH_STORIES,32
18:48:12,EXPORT_STORY,221
18:48:12,CREATE_STORY,7
18:48:12,UPDATE_STORY,12
18:48:12,DELETE_STORY,12
18:48:12,SEARCH_LABELS,5
18:48:12,SEARCH_STORIES,3
18:48:12,SEARCH_STORIES,30
18:48:12,SEARCH_LABELS,6
18:48:12,SEARCH_STORIES,5
18:48:12,SEARCH_STORIES,45
18:48:12,EXPORT_STORY,262
18:48:12,CREATE_STORY,8
18:48:12,UPDATE_STORY,11
18:48:12,DELETE_STORY,12
18:48:13,EXPORT_STORY,234
18:48:13,CREATE_STORY,7
18:48:13,UPDATE_STORY,13
18:48:13,DELETE_STORY,12
18:48:13,SEARCH_LABELS,5
18:48:13,SEARCH_STORIES,3
18:48:13,SEARCH_STORIES,35
18:48:13,EXPORT_STORY,223
18:48:13,CREATE_STORY,8
18:48:13,UPDATE_STORY,13
18:48:13,SEARCH_LABELS,3
18:48:13,DELETE_STORY,14
18:48:13,SEARCH_STORIES,3
18:48:13,SEARCH_STORIES,32
18:48:14,EXPORT_STORY,221
18:48:14,CREATE_STORY,8
18:48:14,UPDATE_STORY,13
18:48:14,DELETE_STORY,12
18:48:14,SEARCH_LABELS,4
18:48:14,SEARCH_STORIES,3
18:48:14,SEARCH_STORIES,33
18:48:14,EXPORT_STORY,220
18:48:14,CREATE_STORY,7
18:48:14,UPDATE_STORY,12
18:48:14,DELETE_STORY,12
18:48:15,SEARCH_LABELS,4
18:48:15,SEARCH_STORIES,3
18:48:15,SEARCH_STORIES,36
18:48:15,EXPORT_STORY,212
18:48:15,CREATE_STORY,8
18:48:15,SEARCH_LABELS,4
18:48:15,SEARCH_STORIES,3
18:48:15,UPDATE_STORY,15
18:48:15,DELETE_STORY,15
18:48:15,SEARCH_STORIES,34
18:48:15,EXPORT_STORY,217
18:48:15,CREATE_STORY,8
18:48:15,UPDATE_STORY,14
18:48:15,DELETE_STORY,12
18:48:16,SEARCH_LABELS,4
18:48:16,SEARCH_STORIES,3
18:48:16,SEARCH_STORIES,35
18:48:16,EXPORT_STORY,210
18:48:16,CREATE_STORY,9
18:48:16,UPDATE_STORY,12
18:48:16,DELETE_STORY,13
18:48:17,SEARCH_LABELS,5
18:48:17,SEARCH_STORIES,3
18:48:17,SEARCH_STORIES,34
18:48:17,SEARCH_LABELS,5
18:48:17,SEARCH_STORIES,5
18:48:17,EXPORT_STORY,232
18:48:17,CREATE_STORY,11
18:48:17,SEARCH_STORIES,41
18:48:17,UPDATE_STORY,15
18:48:17,DELETE_STORY,12
18:48:17,EXPORT_STORY,248
18:48:17,CREATE_STORY,8
18:48:17,UPDATE_STORY,12
18:48:17,DELETE_STORY,11
18:48:18,SEARCH_LABELS,4
18:48:18,SEARCH_STORIES,4
18:48:18,SEARCH_STORIES,32
18:48:18,EXPORT_STORY,225
18:48:18,CREATE_STORY,8
18:48:18,UPDATE_STORY,14
18:48:18,DELETE_STORY,11
18:48:18,SEARCH_LABELS,4
18:48:18,SEARCH_STORIES,3
18:48:18,SEARCH_STORIES,35
18:48:18,EXPORT_STORY,213
18:48:18,CREATE_STORY,7
18:48:18,SEARCH_LABELS,4
18:48:18,SEARCH_STORIES,3
18:48:18,UPDATE_STORY,14
18:48:18,DELETE_STORY,12
18:48:18,SEARCH_STORIES,36
18:48:19,SEARCH_LABELS,7
18:48:19,SEARCH_STORIES,5
18:48:19,SEARCH_STORIES,50
18:48:19,EXPORT_STORY,282
18:48:19,CREATE_STORY,8
18:48:19,UPDATE_STORY,13
18:48:19,DELETE_STORY,11
18:48:19,EXPORT_STORY,213
18:48:19,CREATE_STORY,7
18:48:19,UPDATE_STORY,13
18:48:19,DELETE_STORY,14
18:48:19,SEARCH_LABELS,4
18:48:19,SEARCH_STORIES,4
18:48:19,SEARCH_STORIES,32
18:48:20,EXPORT_STORY,217
18:48:20,CREATE_STORY,8
18:48:20,UPDATE_STORY,14
18:48:20,DELETE_STORY,12
18:48:20,SEARCH_LABELS,4
18:48:20,SEARCH_STORIES,3
18:48:20,SEARCH_STORIES,34
18:48:20,EXPORT_STORY,214
18:48:20,CREATE_STORY,8
18:48:20,UPDATE_STORY,14
18:48:20,DELETE_STORY,12
18:48:20,SEARCH_LABELS,5
18:48:20,SEARCH_STORIES,3
18:48:20,SEARCH_STORIES,30
18:48:20,SEARCH_LABELS,6
18:48:20,SEARCH_STORIES,6
18:48:20,SEARCH_STORIES,42
18:48:21,EXPORT_STORY,249
18:48:21,CREATE_STORY,7
18:48:21,UPDATE_STORY,15
18:48:21,DELETE_STORY,12
18:48:21,EXPORT_STORY,217
18:48:21,CREATE_STORY,7
18:48:21,UPDATE_STORY,14
18:48:21,DELETE_STORY,12
18:48:21,SEARCH_LABELS,4
18:48:21,SEARCH_STORIES,3
18:48:21,SEARCH_STORIES,35
18:48:21,EXPORT_STORY,216
18:48:21,CREATE_STORY,7
18:48:21,UPDATE_STORY,14
18:48:22,DELETE_STORY,13
18:48:22,SEARCH_LABELS,4
18:48:22,SEARCH_STORIES,3
18:48:22,SEARCH_STORIES,34
18:48:22,EXPORT_STORY,226
18:48:22,CREATE_STORY,7
18:48:22,UPDATE_STORY,11
18:48:22,DELETE_STORY,12
18:48:22,SEARCH_LABELS,4
18:48:22,SEARCH_STORIES,3
18:48:22,SEARCH_STORIES,33
18:48:22,SEARCH_LABELS,5
18:48:22,SEARCH_STORIES,5
18:48:22,SEARCH_STORIES,40
18:48:22,EXPORT_STORY,261
18:48:22,CREATE_STORY,8
18:48:22,UPDATE_STORY,11
18:48:22,DELETE_STORY,14
18:48:23,EXPORT_STORY,227
18:48:23,CREATE_STORY,7
18:48:23,UPDATE_STORY,13
18:48:23,DELETE_STORY,12
18:48:23,SEARCH_LABELS,5
18:48:23,SEARCH_STORIES,3
18:48:23,SEARCH_STORIES,33
18:48:23,EXPORT_STORY,212
18:48:23,CREATE_STORY,8
18:48:23,UPDATE_STORY,12
18:48:23,DELETE_STORY,12
18:48:23,SEARCH_LABELS,4
18:48:23,SEARCH_STORIES,3
18:48:23,SEARCH_STORIES,29
18:48:24,EXPORT_STORY,214
18:48:24,CREATE_STORY,8
18:48:24,UPDATE_STORY,12
18:48:24,DELETE_STORY,12
18:48:24,SEARCH_LABELS,4
18:48:24,SEARCH_STORIES,3
18:48:24,SEARCH_STORIES,36
18:48:24,EXPORT_STORY,216
18:48:24,CREATE_STORY,8
18:48:24,UPDATE_STORY,12
18:48:24,DELETE_STORY,13
18:48:25,SEARCH_LABELS,5
18:48:25,SEARCH_STORIES,3
18:48:25,SEARCH_STORIES,31
18:48:25,SEARCH_LABELS,6
18:48:25,SEARCH_STORIES,6
18:48:25,EXPORT_STORY,260
18:48:25,CREATE_STORY,13
18:48:25,SEARCH_STORIES,42
18:48:25,UPDATE_STORY,15
18:48:25,DELETE_STORY,12
18:48:25,EXPORT_STORY,206
18:48:25,CREATE_STORY,9
18:48:25,UPDATE_STORY,13
18:48:25,DELETE_STORY,12
18:48:26,SEARCH_LABELS,4
18:48:26,SEARCH_STORIES,4
18:48:26,SEARCH_STORIES,30
18:48:26,EXPORT_STORY,216
18:48:26,CREATE_STORY,7
18:48:26,UPDATE_STORY,13
18:48:26,DELETE_STORY,11
18:48:27,SEARCH_LABELS,4
18:48:27,SEARCH_STORIES,3
18:48:27,SEARCH_STORIES,33
18:48:27,SEARCH_LABELS,5
18:48:27,SEARCH_STORIES,5
18:48:27,EXPORT_STORY,233
18:48:27,CREATE_STORY,9
18:48:27,SEARCH_STORIES,38
18:48:27,UPDATE_STORY,14
18:48:27,DELETE_STORY,14
18:48:27,EXPORT_STORY,208
18:48:27,CREATE_STORY,8
18:48:27,UPDATE_STORY,13
18:48:27,DELETE_STORY,13
18:48:28,SEARCH_LABELS,5
18:48:28,SEARCH_STORIES,3
18:48:28,SEARCH_STORIES,32
18:48:28,EXPORT_STORY,228
18:48:28,CREATE_STORY,8
18:48:28,UPDATE_STORY,12
18:48:28,DELETE_STORY,12
18:48:28,SEARCH_LABELS,4
18:48:28,SEARCH_STORIES,3
18:48:28,SEARCH_STORIES,28
18:48:28,EXPORT_STORY,217
18:48:28,CREATE_STORY,8
18:48:28,UPDATE_STORY,12
18:48:28,SEARCH_LABELS,4
18:48:28,SEARCH_STORIES,3
18:48:28,DELETE_STORY,12
18:48:28,SEARCH_STORIES,32
18:48:29,SEARCH_LABELS,7
18:48:29,SEARCH_STORIES,6
18:48:29,SEARCH_STORIES,39
18:48:29,EXPORT_STORY,242
18:48:29,CREATE_STORY,7
18:48:29,UPDATE_STORY,12
18:48:29,DELETE_STORY,12
18:48:29,EXPORT_STORY,222
18:48:29,CREATE_STORY,8
18:48:29,UPDATE_STORY,12
18:48:29,DELETE_STORY,10
18:48:29,SEARCH_LABELS,4
18:48:29,SEARCH_STORIES,3
18:48:29,SEARCH_STORIES,33
18:48:30,EXPORT_STORY,213
18:48:30,CREATE_STORY,8
18:48:30,UPDATE_STORY,12
18:48:30,DELETE_STORY,12
18:48:30,SEARCH_LABELS,4
18:48:30,SEARCH_STORIES,3
18:48:30,SEARCH_STORIES,35
18:48:30,EXPORT_STORY,208
18:48:30,CREATE_STORY,10
18:48:30,UPDATE_STORY,13
18:48:30,DELETE_STORY,11
18:48:30,SEARCH_LABELS,4
18:48:30,SEARCH_STORIES,3
18:48:30,SEARCH_STORIES,37
18:48:30,SEARCH_LABELS,6
18:48:30,SEARCH_STORIES,5
18:48:30,SEARCH_STORIES,44
18:48:31,EXPORT_STORY,241
18:48:31,CREATE_STORY,7
18:48:31,UPDATE_STORY,13
18:48:31,DELETE_STORY,11
18:48:31,EXPORT_STORY,212
18:48:31,CREATE_STORY,8
18:48:31,UPDATE_STORY,11
18:48:31,DELETE_STORY,11
18:48:31,SEARCH_LABELS,4
18:48:31,SEARCH_STORIES,3
18:48:31,SEARCH_STORIES,35
18:48:31,EXPORT_STORY,223
18:48:31,CREATE_STORY,7
18:48:32,UPDATE_STORY,11
18:48:32,DELETE_STORY,13
18:48:32,SEARCH_LABELS,4
18:48:32,SEARCH_STORIES,3
18:48:32,SEARCH_STORIES,31
18:48:32,EXPORT_STORY,224
18:48:32,CREATE_STORY,7
18:48:32,UPDATE_STORY,12
18:48:32,DELETE_STORY,13
18:48:32,SEARCH_LABELS,3
18:48:32,SEARCH_STORIES,3
18:48:32,SEARCH_STORIES,30
18:48:32,SEARCH_LABELS,5
18:48:32,SEARCH_STORIES,4
18:48:32,SEARCH_STORIES,38
18:48:32,EXPORT_STORY,258
18:48:32,CREATE_STORY,7
18:48:32,UPDATE_STORY,13
18:48:32,DELETE_STORY,14
18:48:33,EXPORT_STORY,219
18:48:33,CREATE_STORY,9
18:48:33,UPDATE_STORY,15
18:48:33,DELETE_STORY,15
18:48:33,SEARCH_LABELS,5
18:48:33,SEARCH_STORIES,3
18:48:33,SEARCH_STORIES,34
18:48:33,EXPORT_STORY,213
18:48:33,CREATE_STORY,8
18:48:33,UPDATE_STORY,12
18:48:33,DELETE_STORY,12
18:48:33,SEARCH_LABELS,4
18:48:33,SEARCH_STORIES,3
18:48:33,SEARCH_STORIES,32
18:48:34,EXPORT_STORY,222
18:48:34,CREATE_STORY,8
18:48:34,UPDATE_STORY,13
18:48:34,DELETE_STORY,12
18:48:34,SEARCH_LABELS,4
18:48:34,SEARCH_STORIES,3
18:48:34,SEARCH_STORIES,32
18:48:34,EXPORT_STORY,229
18:48:34,CREATE_STORY,7
18:48:34,UPDATE_STORY,11
18:48:34,DELETE_STORY,14
18:48:35,SEARCH_LABELS,4
18:48:35,SEARCH_STORIES,3
18:48:35,SEARCH_STORIES,30
18:48:35,EXPORT_STORY,204
18:48:35,CREATE_STORY,8
18:48:35,UPDATE_STORY,11
18:48:35,DELETE_STORY,12
18:48:35,SEARCH_LABELS,4
18:48:35,SEARCH_STORIES,3
18:48:35,SEARCH_STORIES,31
18:48:35,EXPORT_STORY,216
18:48:35,CREATE_STORY,7
18:48:35,UPDATE_STORY,16
18:48:35,DELETE_STORY,12
18:48:36,SEARCH_LABELS,4
18:48:36,SEARCH_STORIES,3
18:48:36,SEARCH_STORIES,32
18:48:36,EXPORT_STORY,214
18:48:36,CREATE_STORY,8
18:48:36,UPDATE_STORY,13
18:48:36,DELETE_STORY,11
18:48:37,SEARCH_LABELS,4
18:48:37,SEARCH_STORIES,4
18:48:37,SEARCH_STORIES,32
18:48:37,SEARCH_LABELS,5
18:48:37,SEARCH_STORIES,4
18:48:37,EXPORT_STORY,224
18:48:37,CREATE_STORY,8
18:48:37,SEARCH_STORIES,37
18:48:37,UPDATE_STORY,14
18:48:37,DELETE_STORY,12
18:48:37,EXPORT_STORY,210
18:48:37,CREATE_STORY,10
18:48:37,UPDATE_STORY,14
18:48:37,DELETE_STORY,11
18:48:38,SEARCH_LABELS,4
18:48:38,SEARCH_STORIES,4
18:48:38,SEARCH_STORIES,32
18:48:38,EXPORT_STORY,217
18:48:38,CREATE_STORY,7
18:48:38,UPDATE_STORY,13
18:48:38,DELETE_STORY,13
18:48:38,SEARCH_LABELS,3
18:48:38,SEARCH_STORIES,3
18:48:38,SEARCH_STORIES,30
18:48:38,EXPORT_STORY,219
18:48:38,CREATE_STORY,8
18:48:38,SEARCH_LABELS,4
18:48:38,UPDATE_STORY,12
18:48:38,SEARCH_STORIES,3
18:48:38,DELETE_STORY,11
18:48:38,SEARCH_STORIES,31
18:48:39,SEARCH_LABELS,5
18:48:39,SEARCH_STORIES,5
18:48:39,SEARCH_STORIES,42
18:48:39,EXPORT_STORY,235
18:48:39,CREATE_STORY,8
18:48:39,UPDATE_STORY,12
18:48:39,DELETE_STORY,13
18:48:39,EXPORT_STORY,212
18:48:39,CREATE_STORY,8
18:48:39,UPDATE_STORY,14
18:48:39,DELETE_STORY,13
18:48:39,SEARCH_LABELS,4
18:48:39,SEARCH_STORIES,4
18:48:39,SEARCH_STORIES,33
18:48:40,EXPORT_STORY,209
18:48:40,CREATE_STORY,8
18:48:40,UPDATE_STORY,12
18:48:40,DELETE_STORY,12
18:48:40,SEARCH_LABELS,4
18:48:40,SEARCH_STORIES,3
18:48:40,SEARCH_STORIES,37
18:48:40,EXPORT_STORY,204
18:48:40,CREATE_STORY,7
18:48:40,UPDATE_STORY,14
18:48:40,DELETE_STORY,14
18:48:40,SEARCH_LABELS,4
18:48:40,SEARCH_STORIES,3
18:48:40,SEARCH_STORIES,33
18:48:40,SEARCH_LABELS,6
18:48:40,SEARCH_STORIES,4
18:48:40,SEARCH_STORIES,42
18:48:41,EXPORT_STORY,237
18:48:41,CREATE_STORY,7
18:48:41,UPDATE_STORY,12
18:48:41,DELETE_STORY,13
18:48:41,EXPORT_STORY,212
18:48:41,CREATE_STORY,8
18:48:41,UPDATE_STORY,12
18:48:41,DELETE_STORY,11
18:48:41,SEARCH_LABELS,5
18:48:41,SEARCH_STORIES,3
18:48:41,SEARCH_STORIES,33
18:48:42,SEARCH_LABELS,7
18:48:42,SEARCH_STORIES,6
18:48:42,EXPORT_STORY,302
18:48:42,CREATE_STORY,9
18:48:42,UPDATE_STORY,17
18:48:42,SEARCH_STORIES,42
18:48:42,DELETE_STORY,15
18:48:42,EXPORT_STORY,219
18:48:42,CREATE_STORY,7
18:48:42,UPDATE_STORY,12
18:48:42,DELETE_STORY,11
18:48:42,SEARCH_LABELS,4
18:48:42,SEARCH_STORIES,3
18:48:42,SEARCH_STORIES,30
18:48:42,SEARCH_LABELS,6
18:48:42,SEARCH_STORIES,5
18:48:42,SEARCH_STORIES,48
18:48:42,EXPORT_STORY,269
18:48:42,CREATE_STORY,8
18:48:42,UPDATE_STORY,13
18:48:42,DELETE_STORY,16
18:48:43,EXPORT_STORY,237
18:48:43,CREATE_STORY,7
18:48:43,UPDATE_STORY,12
18:48:43,DELETE_STORY,15
18:48:43,SEARCH_LABELS,4
18:48:43,SEARCH_STORIES,4
18:48:43,SEARCH_STORIES,32
18:48:43,EXPORT_STORY,218
18:48:43,CREATE_STORY,9
18:48:43,UPDATE_STORY,12
18:48:43,DELETE_STORY,10
18:48:43,SEARCH_LABELS,4
18:48:43,SEARCH_STORIES,3
18:48:43,SEARCH_STORIES,27
18:48:44,EXPORT_STORY,232
18:48:44,CREATE_STORY,7
18:48:44,UPDATE_STORY,12
18:48:44,DELETE_STORY,13
18:48:44,SEARCH_LABELS,4
18:48:44,SEARCH_STORIES,3
18:48:44,SEARCH_STORIES,29
18:48:44,EXPORT_STORY,225
18:48:44,CREATE_STORY,8
18:48:44,UPDATE_STORY,11
18:48:44,DELETE_STORY,14
18:48:45,SEARCH_LABELS,4
18:48:45,SEARCH_STORIES,3
18:48:45,SEARCH_STORIES,33
18:48:45,EXPORT_STORY,209
18:48:45,CREATE_STORY,7
18:48:45,UPDATE_STORY,12
18:48:45,SEARCH_LABELS,4
18:48:45,SEARCH_STORIES,3
18:48:45,DELETE_STORY,12
18:48:45,SEARCH_STORIES,31
18:48:45,EXPORT_STORY,212
18:48:45,CREATE_STORY,7
18:48:45,UPDATE_STORY,13
18:48:45,DELETE_STORY,13
18:48:46,SEARCH_LABELS,4
18:48:46,SEARCH_STORIES,3
18:48:46,SEARCH_STORIES,33
18:48:46,EXPORT_STORY,220
18:48:46,CREATE_STORY,8
18:48:46,UPDATE_STORY,12
18:48:46,DELETE_STORY,13
18:48:47,SEARCH_LABELS,5
18:48:47,SEARCH_STORIES,3
18:48:47,SEARCH_STORIES,31
18:48:47,SEARCH_LABELS,4
18:48:47,SEARCH_STORIES,5
18:48:47,EXPORT_STORY,219
18:48:47,CREATE_STORY,8
18:48:47,UPDATE_STORY,13
18:48:47,SEARCH_STORIES,38
18:48:47,DELETE_STORY,13
18:48:47,EXPORT_STORY,210
18:48:47,CREATE_STORY,9
18:48:47,UPDATE_STORY,12
18:48:47,DELETE_STORY,12
18:48:48,SEARCH_LABELS,4
18:48:48,SEARCH_STORIES,3
18:48:48,SEARCH_STORIES,34
18:48:48,EXPORT_STORY,218
18:48:48,CREATE_STORY,8
18:48:48,UPDATE_STORY,12
18:48:48,DELETE_STORY,12
18:48:48,SEARCH_LABELS,3
18:48:48,SEARCH_STORIES,3
18:48:48,SEARCH_STORIES,29
18:48:48,EXPORT_STORY,214
18:48:48,CREATE_STORY,8
18:48:48,UPDATE_STORY,12
18:48:48,SEARCH_LABELS,4
18:48:48,SEARCH_STORIES,3
18:48:48,DELETE_STORY,16
18:48:48,SEARCH_STORIES,33
18:48:49,SEARCH_LABELS,5
18:48:49,SEARCH_STORIES,5
18:48:49,SEARCH_STORIES,46
18:48:49,EXPORT_STORY,245
18:48:49,CREATE_STORY,8
18:48:49,UPDATE_STORY,12
18:48:49,DELETE_STORY,11
18:48:49,EXPORT_STORY,224
18:48:49,CREATE_STORY,8
18:48:49,UPDATE_STORY,16
18:48:49,DELETE_STORY,13
18:48:49,SEARCH_LABELS,3
18:48:49,SEARCH_STORIES,3
18:48:49,SEARCH_STORIES,32
18:48:50,EXPORT_STORY,211
18:48:50,CREATE_STORY,8
18:48:50,UPDATE_STORY,13
18:48:50,DELETE_STORY,10
18:48:50,SEARCH_LABELS,4
18:48:50,SEARCH_STORIES,3
18:48:50,SEARCH_STORIES,33
18:48:50,EXPORT_STORY,208
18:48:50,CREATE_STORY,8
18:48:50,UPDATE_STORY,13
18:48:50,DELETE_STORY,12
18:48:50,SEARCH_LABELS,4
18:48:50,SEARCH_STORIES,3
18:48:50,SEARCH_STORIES,32
18:48:50,SEARCH_LABELS,6
18:48:50,SEARCH_STORIES,5
18:48:50,SEARCH_STORIES,46
18:48:51,EXPORT_STORY,246
18:48:51,CREATE_STORY,8
18:48:51,UPDATE_STORY,13
18:48:51,DELETE_STORY,11
18:48:51,EXPORT_STORY,221
18:48:51,CREATE_STORY,8
18:48:51,UPDATE_STORY,12
18:48:51,DELETE_STORY,10
18:48:51,SEARCH_LABELS,4
18:48:51,SEARCH_STORIES,3
18:48:51,SEARCH_STORIES,35
18:48:51,EXPORT_STORY,223
18:48:51,CREATE_STORY,6
18:48:51,UPDATE_STORY,11
18:48:52,DELETE_STORY,12
18:48:52,SEARCH_LABELS,4
18:48:52,SEARCH_STORIES,3
18:48:52,SEARCH_STORIES,32
18:48:52,EXPORT_STORY,221
18:48:52,CREATE_STORY,7
18:48:52,UPDATE_STORY,12
18:48:52,DELETE_STORY,13
18:48:52,SEARCH_LABELS,4
18:48:52,SEARCH_STORIES,3
18:48:52,SEARCH_STORIES,30
18:48:52,SEARCH_LABELS,5
18:48:52,SEARCH_STORIES,8
18:48:52,SEARCH_STORIES,43
18:48:52,EXPORT_STORY,249
18:48:52,CREATE_STORY,8
18:48:52,UPDATE_STORY,11
18:48:52,DELETE_STORY,10
18:48:53,EXPORT_STORY,228
18:48:53,CREATE_STORY,7
18:48:53,UPDATE_STORY,12
18:48:53,DELETE_STORY,11
18:48:53,SEARCH_LABELS,4
18:48:53,SEARCH_STORIES,3
18:48:53,SEARCH_STORIES,30
18:48:53,EXPORT_STORY,219
18:48:53,CREATE_STORY,6
18:48:53,UPDATE_STORY,12
18:48:53,DELETE_STORY,13
18:48:53,SEARCH_LABELS,4
18:48:53,SEARCH_STORIES,3
18:48:53,SEARCH_STORIES,32
18:48:54,EXPORT_STORY,294
18:48:54,CREATE_STORY,7
18:48:54,UPDATE_STORY,11
18:48:54,DELETE_STORY,10
18:48:54,SEARCH_LABELS,4
18:48:54,SEARCH_STORIES,3
18:48:54,SEARCH_STORIES,29
18:48:54,EXPORT_STORY,213
18:48:54,CREATE_STORY,7
18:48:54,UPDATE_STORY,12
18:48:54,DELETE_STORY,11
18:48:55,SEARCH_LABELS,4
18:48:55,SEARCH_STORIES,3
18:48:55,SEARCH_STORIES,31
18:48:55,EXPORT_STORY,219
18:48:55,CREATE_STORY,8
18:48:55,SEARCH_LABELS,4
18:48:55,SEARCH_STORIES,3
18:48:55,UPDATE_STORY,13
18:48:55,DELETE_STORY,17
18:48:55,SEARCH_STORIES,31
18:48:55,EXPORT_STORY,215
18:48:55,CREATE_STORY,8
18:48:55,UPDATE_STORY,17
18:48:55,DELETE_STORY,11
18:48:56,SEARCH_LABELS,5
18:48:56,SEARCH_STORIES,3
18:48:56,SEARCH_STORIES,33
18:48:56,EXPORT_STORY,208
18:48:56,CREATE_STORY,9
18:48:56,UPDATE_STORY,13
18:48:56,DELETE_STORY,12
18:48:57,SEARCH_LABELS,5
18:48:57,SEARCH_STORIES,3
18:48:57,SEARCH_STORIES,31
18:48:57,SEARCH_LABELS,4
18:48:57,SEARCH_STORIES,5
18:48:57,EXPORT_STORY,222
18:48:57,CREATE_STORY,7
18:48:57,SEARCH_STORIES,34
18:48:57,UPDATE_STORY,17
18:48:57,DELETE_STORY,10
18:48:57,EXPORT_STORY,207
18:48:57,CREATE_STORY,7
18:48:57,UPDATE_STORY,12
18:48:57,DELETE_STORY,11
18:48:58,SEARCH_LABELS,4
18:48:58,SEARCH_STORIES,3
18:48:58,SEARCH_STORIES,30
18:48:58,EXPORT_STORY,217
18:48:58,CREATE_STORY,7
18:48:58,UPDATE_STORY,12
18:48:58,DELETE_STORY,10
18:48:58,SEARCH_LABELS,3
18:48:58,SEARCH_STORIES,3
18:48:58,SEARCH_STORIES,31
18:48:58,EXPORT_STORY,213
18:48:58,CREATE_STORY,7
18:48:58,UPDATE_STORY,13
18:48:58,SEARCH_LABELS,3
18:48:58,SEARCH_STORIES,3
18:48:58,DELETE_STORY,13
18:48:58,SEARCH_STORIES,34
18:48:59,SEARCH_LABELS,5
18:48:59,SEARCH_STORIES,4
18:48:59,SEARCH_STORIES,41
18:48:59,EXPORT_STORY,243
18:48:59,CREATE_STORY,8
18:48:59,UPDATE_STORY,12
18:48:59,DELETE_STORY,12
18:48:59,EXPORT_STORY,225
18:48:59,CREATE_STORY,7
18:48:59,UPDATE_STORY,12
18:48:59,DELETE_STORY,11
18:48:59,SEARCH_LABELS,3
18:48:59,SEARCH_STORIES,3
18:48:59,SEARCH_STORIES,33
18:49:0,EXPORT_STORY,219
18:49:0,CREATE_STORY,8
18:49:0,UPDATE_STORY,12
18:49:0,DELETE_STORY,12
18:49:0,SEARCH_LABELS,3
18:49:0,SEARCH_STORIES,3
18:49:0,SEARCH_STORIES,31
18:49:0,EXPORT_STORY,210
18:49:0,CREATE_STORY,8
18:49:0,UPDATE_STORY,14
18:49:0,DELETE_STORY,12
18:49:0,SEARCH_LABELS,4
18:49:0,SEARCH_STORIES,3
18:49:0,SEARCH_STORIES,31
18:49:0,SEARCH_LABELS,6
18:49:0,SEARCH_STORIES,5
18:49:0,SEARCH_STORIES,44
18:49:1,EXPORT_STORY,248
18:49:1,CREATE_STORY,6
18:49:1,UPDATE_STORY,12
18:49:1,DELETE_STORY,11
18:49:1,EXPORT_STORY,216
18:49:1,CREATE_STORY,10
18:49:1,UPDATE_STORY,11
18:49:1,DELETE_STORY,13
18:49:1,SEARCH_LABELS,3
18:49:1,SEARCH_STORIES,2
18:49:1,SEARCH_STORIES,32
18:49:1,EXPORT_STORY,214
18:49:1,CREATE_STORY,7
18:49:1,UPDATE_STORY,11
18:49:2,DELETE_STORY,24
18:49:2,SEARCH_LABELS,4
18:49:2,SEARCH_STORIES,3
18:49:2,SEARCH_STORIES,32
18:49:2,EXPORT_STORY,212
18:49:2,CREATE_STORY,7
18:49:2,UPDATE_STORY,12
18:49:2,DELETE_STORY,12
18:49:2,SEARCH_LABELS,4
18:49:2,SEARCH_STORIES,3
18:49:2,SEARCH_STORIES,33
18:49:2,SEARCH_LABELS,6
18:49:2,SEARCH_STORIES,5
18:49:2,SEARCH_STORIES,43
18:49:2,EXPORT_STORY,270
18:49:2,CREATE_STORY,8
18:49:2,UPDATE_STORY,12
18:49:2,DELETE_STORY,14
18:49:3,EXPORT_STORY,240
18:49:3,CREATE_STORY,7
18:49:3,UPDATE_STORY,13
18:49:3,DELETE_STORY,12
18:49:3,SEARCH_LABELS,4
18:49:3,SEARCH_STORIES,3
18:49:3,SEARCH_STORIES,30
18:49:3,EXPORT_STORY,215
18:49:3,CREATE_STORY,8
18:49:3,UPDATE_STORY,12
18:49:3,DELETE_STORY,13
18:49:3,SEARCH_LABELS,3
18:49:3,SEARCH_STORIES,3
18:49:3,SEARCH_STORIES,29
18:49:4,EXPORT_STORY,221
18:49:4,CREATE_STORY,7
18:49:4,UPDATE_STORY,11
18:49:4,DELETE_STORY,11
18:49:4,SEARCH_LABELS,4
18:49:4,SEARCH_STORIES,3
18:49:4,SEARCH_STORIES,30
18:49:4,EXPORT_STORY,218
18:49:4,CREATE_STORY,8
18:49:4,UPDATE_STORY,12
18:49:4,DELETE_STORY,12
18:49:5,SEARCH_LABELS,4
18:49:5,SEARCH_STORIES,3
18:49:5,SEARCH_STORIES,28
18:49:5,EXPORT_STORY,204
18:49:5,CREATE_STORY,8
18:49:5,UPDATE_STORY,12
18:49:5,DELETE_STORY,12
18:49:5,SEARCH_LABELS,4
18:49:5,SEARCH_STORIES,2
18:49:5,SEARCH_STORIES,33
18:49:5,EXPORT_STORY,208
18:49:5,CREATE_STORY,8
18:49:5,UPDATE_STORY,13
18:49:5,DELETE_STORY,11
18:49:6,SEARCH_LABELS,4
18:49:6,SEARCH_STORIES,3
18:49:6,SEARCH_STORIES,57
18:49:6,EXPORT_STORY,224
18:49:6,CREATE_STORY,8
18:49:6,UPDATE_STORY,12
18:49:6,DELETE_STORY,11
18:49:7,SEARCH_LABELS,4
18:49:7,SEARCH_STORIES,3
18:49:7,SEARCH_STORIES,34
18:49:7,SEARCH_LABELS,5
18:49:7,SEARCH_STORIES,4
18:49:7,SEARCH_STORIES,49
18:49:7,EXPORT_STORY,268
18:49:7,CREATE_STORY,7
18:49:7,UPDATE_STORY,11
18:49:7,DELETE_STORY,12
18:49:7,EXPORT_STORY,209
18:49:7,CREATE_STORY,9
18:49:7,UPDATE_STORY,12
18:49:7,DELETE_STORY,10
18:49:8,SEARCH_LABELS,4
18:49:8,SEARCH_STORIES,3
18:49:8,SEARCH_STORIES,33
18:49:8,EXPORT_STORY,220
18:49:8,CREATE_STORY,8
18:49:8,UPDATE_STORY,14
18:49:8,DELETE_STORY,13
18:49:8,SEARCH_LABELS,3
18:49:8,SEARCH_STORIES,3
18:49:8,SEARCH_STORIES,31
18:49:8,EXPORT_STORY,217
18:49:8,CREATE_STORY,8
18:49:8,SEARCH_LABELS,4
18:49:8,UPDATE_STORY,14
18:49:8,SEARCH_STORIES,3
18:49:8,DELETE_STORY,15
18:49:8,SEARCH_STORIES,35
18:49:9,SEARCH_LABELS,6
18:49:9,SEARCH_STORIES,4
18:49:9,SEARCH_STORIES,45
18:49:9,EXPORT_STORY,247
18:49:9,CREATE_STORY,8
18:49:9,UPDATE_STORY,12
18:49:9,DELETE_STORY,12
18:49:9,EXPORT_STORY,223
18:49:9,CREATE_STORY,7
18:49:9,UPDATE_STORY,12
18:49:9,DELETE_STORY,12
18:49:9,SEARCH_LABELS,4
18:49:9,SEARCH_STORIES,3
18:49:9,SEARCH_STORIES,31
18:49:10,EXPORT_STORY,221
18:49:10,CREATE_STORY,7
18:49:10,UPDATE_STORY,13
18:49:10,DELETE_STORY,11
18:49:10,SEARCH_LABELS,4
18:49:10,SEARCH_STORIES,3
18:49:10,SEARCH_STORIES,32
18:49:10,EXPORT_STORY,203
18:49:10,CREATE_STORY,7
18:49:10,UPDATE_STORY,12
18:49:10,DELETE_STORY,12
18:49:10,SEARCH_LABELS,4
18:49:10,SEARCH_STORIES,4
18:49:10,SEARCH_STORIES,35
18:49:10,SEARCH_LABELS,6
18:49:10,SEARCH_STORIES,5
18:49:10,SEARCH_STORIES,43
18:49:11,EXPORT_STORY,248
18:49:11,CREATE_STORY,7
18:49:11,UPDATE_STORY,13
18:49:11,DELETE_STORY,10
18:49:11,EXPORT_STORY,229
18:49:11,CREATE_STORY,10
18:49:11,UPDATE_STORY,12
18:49:11,DELETE_STORY,13
18:49:11,SEARCH_LABELS,4
18:49:11,SEARCH_STORIES,3
18:49:11,SEARCH_STORIES,33
18:49:11,EXPORT_STORY,209
18:49:11,CREATE_STORY,7
18:49:11,UPDATE_STORY,14
18:49:11,DELETE_STORY,10
18:49:12,SEARCH_LABELS,4
18:49:12,SEARCH_STORIES,3
18:49:12,SEARCH_STORIES,34
18:49:12,EXPORT_STORY,216
18:49:12,CREATE_STORY,7
18:49:12,UPDATE_STORY,13
18:49:12,DELETE_STORY,10
18:49:12,SEARCH_LABELS,4
18:49:12,SEARCH_STORIES,3
18:49:12,SEARCH_STORIES,33
18:49:12,SEARCH_LABELS,5
18:49:12,SEARCH_STORIES,5
18:49:12,SEARCH_STORIES,46
18:49:12,EXPORT_STORY,244
18:49:12,CREATE_STORY,10
18:49:12,UPDATE_STORY,13
18:49:12,DELETE_STORY,12
18:49:13,EXPORT_STORY,229
18:49:13,CREATE_STORY,8
18:49:13,UPDATE_STORY,12
18:49:13,DELETE_STORY,11
18:49:13,SEARCH_LABELS,4
18:49:13,SEARCH_STORIES,3
18:49:13,SEARCH_STORIES,32
18:49:13,EXPORT_STORY,220
18:49:13,CREATE_STORY,9
18:49:13,UPDATE_STORY,12
18:49:13,DELETE_STORY,11
18:49:13,SEARCH_LABELS,4
18:49:13,SEARCH_STORIES,3
18:49:13,SEARCH_STORIES,32
18:49:14,EXPORT_STORY,214
18:49:14,CREATE_STORY,8
18:49:14,UPDATE_STORY,12
18:49:14,DELETE_STORY,12
18:49:14,SEARCH_LABELS,4
18:49:14,SEARCH_STORIES,4
18:49:14,SEARCH_STORIES,31
18:49:14,EXPORT_STORY,208
18:49:14,CREATE_STORY,8
18:49:14,UPDATE_STORY,13
18:49:14,DELETE_STORY,15
18:49:15,SEARCH_LABELS,4
18:49:15,SEARCH_STORIES,3
18:49:15,SEARCH_STORIES,30
18:49:15,EXPORT_STORY,207
18:49:15,CREATE_STORY,9
18:49:15,UPDATE_STORY,14
18:49:15,SEARCH_LABELS,4
18:49:15,SEARCH_STORIES,3
18:49:15,DELETE_STORY,13
18:49:15,SEARCH_STORIES,31
18:49:15,EXPORT_STORY,213
18:49:15,CREATE_STORY,8
18:49:15,UPDATE_STORY,11
18:49:15,DELETE_STORY,12
18:49:16,SEARCH_LABELS,4
18:49:16,SEARCH_STORIES,3
18:49:16,SEARCH_STORIES,30
18:49:16,EXPORT_STORY,214
18:49:16,CREATE_STORY,8
18:49:16,UPDATE_STORY,13
18:49:16,DELETE_STORY,12
18:49:17,SEARCH_LABELS,3
18:49:17,SEARCH_STORIES,3
18:49:17,SEARCH_STORIES,30
18:49:17,SEARCH_LABELS,5
18:49:17,SEARCH_STORIES,4
18:49:17,EXPORT_STORY,221
18:49:17,CREATE_STORY,8
18:49:17,UPDATE_STORY,16
18:49:17,SEARCH_STORIES,36
18:49:17,DELETE_STORY,13
18:49:17,EXPORT_STORY,214
18:49:17,CREATE_STORY,8
18:49:17,UPDATE_STORY,11
18:49:17,DELETE_STORY,10
18:49:18,SEARCH_LABELS,4
18:49:18,SEARCH_STORIES,3
18:49:18,SEARCH_STORIES,30
18:49:18,EXPORT_STORY,219
18:49:18,CREATE_STORY,8
18:49:18,UPDATE_STORY,14
18:49:18,DELETE_STORY,12
18:49:18,SEARCH_LABELS,4
18:49:18,SEARCH_STORIES,3
18:49:18,SEARCH_STORIES,61
18:49:18,SEARCH_LABELS,6
18:49:18,SEARCH_STORIES,4
18:49:18,EXPORT_STORY,219
18:49:18,CREATE_STORY,9
18:49:18,UPDATE_STORY,14
18:49:18,SEARCH_STORIES,39
18:49:18,DELETE_STORY,17
18:49:19,SEARCH_LABELS,5
18:49:19,SEARCH_STORIES,5
18:49:19,SEARCH_STORIES,40
18:49:19,EXPORT_STORY,245
18:49:19,CREATE_STORY,8
18:49:19,UPDATE_STORY,13
18:49:19,DELETE_STORY,14
18:49:19,EXPORT_STORY,209
18:49:19,CREATE_STORY,10
18:49:19,UPDATE_STORY,12
18:49:19,DELETE_STORY,12
18:49:19,SEARCH_LABELS,4
18:49:19,SEARCH_STORIES,3
18:49:19,SEARCH_STORIES,37
18:49:20,EXPORT_STORY,216
18:49:20,CREATE_STORY,7
18:49:20,UPDATE_STORY,13
18:49:20,DELETE_STORY,13
18:49:20,SEARCH_LABELS,4
18:49:20,SEARCH_STORIES,4
18:49:20,SEARCH_STORIES,37
18:49:20,EXPORT_STORY,226
18:49:20,CREATE_STORY,9
18:49:20,UPDATE_STORY,12
18:49:20,DELETE_STORY,12
18:49:20,SEARCH_LABELS,4
18:49:20,SEARCH_STORIES,4
18:49:20,SEARCH_STORIES,32
18:49:20,SEARCH_LABELS,5
18:49:20,SEARCH_STORIES,4
18:49:20,SEARCH_STORIES,44
18:49:21,EXPORT_STORY,242
18:49:21,CREATE_STORY,7
18:49:21,UPDATE_STORY,14
18:49:21,DELETE_STORY,12
18:49:21,EXPORT_STORY,215
18:49:21,CREATE_STORY,9
18:49:21,UPDATE_STORY,13
18:49:21,DELETE_STORY,15
18:49:21,SEARCH_LABELS,3
18:49:21,SEARCH_STORIES,3
18:49:21,SEARCH_STORIES,30
18:49:21,EXPORT_STORY,213
18:49:21,CREATE_STORY,7
18:49:21,UPDATE_STORY,13
18:49:22,DELETE_STORY,14
18:49:22,SEARCH_LABELS,4
18:49:22,SEARCH_STORIES,3
18:49:22,SEARCH_STORIES,31
18:49:22,EXPORT_STORY,225
18:49:22,CREATE_STORY,7
18:49:22,UPDATE_STORY,14
18:49:22,DELETE_STORY,11
18:49:22,SEARCH_LABELS,4
18:49:22,SEARCH_STORIES,3
18:49:22,SEARCH_STORIES,31
18:49:22,SEARCH_LABELS,5
18:49:22,SEARCH_STORIES,4
18:49:22,SEARCH_STORIES,45
18:49:22,EXPORT_STORY,251
18:49:22,CREATE_STORY,8
18:49:22,UPDATE_STORY,13
18:49:22,DELETE_STORY,10
18:49:23,EXPORT_STORY,242
18:49:23,CREATE_STORY,8
18:49:23,UPDATE_STORY,12
18:49:23,DELETE_STORY,12
18:49:23,SEARCH_LABELS,4
18:49:23,SEARCH_STORIES,2
18:49:23,SEARCH_STORIES,30
18:49:23,EXPORT_STORY,216
18:49:23,CREATE_STORY,8
18:49:23,UPDATE_STORY,13
18:49:23,DELETE_STORY,11
18:49:23,SEARCH_LABELS,3
18:49:23,SEARCH_STORIES,3
18:49:23,SEARCH_STORIES,30
18:49:24,EXPORT_STORY,211
18:49:24,CREATE_STORY,8
18:49:24,UPDATE_STORY,12
18:49:24,DELETE_STORY,13
18:49:24,SEARCH_LABELS,4
18:49:24,SEARCH_STORIES,3
18:49:24,SEARCH_STORIES,30
18:49:24,EXPORT_STORY,214
18:49:24,CREATE_STORY,8
18:49:24,UPDATE_STORY,12
18:49:24,DELETE_STORY,12
18:49:25,SEARCH_LABELS,4
18:49:25,SEARCH_STORIES,3
18:49:25,SEARCH_STORIES,30
18:49:25,EXPORT_STORY,210
18:49:25,CREATE_STORY,8
18:49:25,UPDATE_STORY,12
18:49:25,SEARCH_LABELS,4
18:49:25,SEARCH_STORIES,3
18:49:25,DELETE_STORY,13
18:49:25,SEARCH_STORIES,37
18:49:25,EXPORT_STORY,216
18:49:25,CREATE_STORY,7
18:49:25,UPDATE_STORY,18
18:49:25,DELETE_STORY,14
18:49:26,SEARCH_LABELS,5
18:49:26,SEARCH_STORIES,3
18:49:26,SEARCH_STORIES,35
18:49:26,EXPORT_STORY,216
18:49:26,CREATE_STORY,8
18:49:26,UPDATE_STORY,15
18:49:26,DELETE_STORY,12
18:49:27,SEARCH_LABELS,4
18:49:27,SEARCH_STORIES,3
18:49:27,SEARCH_STORIES,31
18:49:27,SEARCH_LABELS,5
18:49:27,SEARCH_STORIES,4
18:49:27,EXPORT_STORY,217
18:49:27,CREATE_STORY,9
18:49:27,UPDATE_STORY,15
18:49:27,SEARCH_STORIES,34
18:49:27,DELETE_STORY,13
18:49:27,EXPORT_STORY,217
18:49:27,CREATE_STORY,7
18:49:27,UPDATE_STORY,11
18:49:27,DELETE_STORY,13
18:49:28,SEARCH_LABELS,5
18:49:28,SEARCH_STORIES,3
18:49:28,SEARCH_STORIES,31
18:49:28,EXPORT_STORY,216
18:49:28,CREATE_STORY,8
18:49:28,UPDATE_STORY,15
18:49:28,DELETE_STORY,12
18:49:28,SEARCH_LABELS,3
18:49:28,SEARCH_STORIES,4
18:49:28,SEARCH_STORIES,31
18:49:28,EXPORT_STORY,211
18:49:28,CREATE_STORY,8
18:49:28,UPDATE_STORY,12
18:49:28,SEARCH_LABELS,4
18:49:28,SEARCH_STORIES,2
18:49:28,DELETE_STORY,13
18:49:28,SEARCH_STORIES,29
18:49:29,SEARCH_LABELS,6
18:49:29,SEARCH_STORIES,3
18:49:29,SEARCH_STORIES,43
18:49:29,EXPORT_STORY,239
18:49:29,CREATE_STORY,7
18:49:29,UPDATE_STORY,13
18:49:29,DELETE_STORY,12
18:49:29,EXPORT_STORY,219
18:49:29,CREATE_STORY,8
18:49:29,UPDATE_STORY,14
18:49:29,DELETE_STORY,11
18:49:29,SEARCH_LABELS,4
18:49:29,SEARCH_STORIES,3
18:49:29,SEARCH_STORIES,32
18:49:30,EXPORT_STORY,209
18:49:30,CREATE_STORY,9
18:49:30,UPDATE_STORY,13
18:49:30,DELETE_STORY,12
18:49:30,SEARCH_LABELS,3
18:49:30,SEARCH_STORIES,3
18:49:30,SEARCH_STORIES,35
18:49:30,EXPORT_STORY,211
18:49:30,CREATE_STORY,7
18:49:30,UPDATE_STORY,12
18:49:30,DELETE_STORY,12
18:49:30,SEARCH_LABELS,8
18:49:30,SEARCH_STORIES,6
18:49:30,SEARCH_STORIES,66
18:49:30,SEARCH_LABELS,6
18:49:30,SEARCH_STORIES,5
18:49:30,SEARCH_STORIES,47
18:49:31,EXPORT_STORY,268
18:49:31,CREATE_STORY,9
18:49:31,UPDATE_STORY,15
18:49:31,DELETE_STORY,17
18:49:31,EXPORT_STORY,235
18:49:31,CREATE_STORY,6
18:49:31,UPDATE_STORY,13
18:49:31,DELETE_STORY,11
18:49:31,SEARCH_LABELS,3
18:49:31,SEARCH_STORIES,3
18:49:31,SEARCH_STORIES,32
18:49:31,EXPORT_STORY,225
18:49:31,CREATE_STORY,8
18:49:32,UPDATE_STORY,12
18:49:32,DELETE_STORY,11
18:49:32,SEARCH_LABELS,5
18:49:32,SEARCH_STORIES,2
18:49:32,SEARCH_STORIES,33
18:49:32,EXPORT_STORY,220
18:49:32,CREATE_STORY,8
18:49:32,UPDATE_STORY,13
18:49:32,DELETE_STORY,12
18:49:32,SEARCH_LABELS,4
18:49:32,SEARCH_STORIES,4
18:49:32,SEARCH_STORIES,33
18:49:32,SEARCH_LABELS,5
18:49:32,SEARCH_STORIES,5
18:49:32,SEARCH_STORIES,44
18:49:32,EXPORT_STORY,273
18:49:32,CREATE_STORY,9
18:49:32,UPDATE_STORY,12
18:49:32,DELETE_STORY,15
18:49:33,EXPORT_STORY,240
18:49:33,CREATE_STORY,8
18:49:33,UPDATE_STORY,13
18:49:33,DELETE_STORY,12
18:49:33,SEARCH_LABELS,4
18:49:33,SEARCH_STORIES,3
18:49:33,SEARCH_STORIES,29
18:49:33,EXPORT_STORY,215
18:49:33,CREATE_STORY,7
18:49:33,UPDATE_STORY,12
18:49:33,DELETE_STORY,11
18:49:33,SEARCH_LABELS,4
18:49:33,SEARCH_STORIES,3
18:49:33,SEARCH_STORIES,31
18:49:34,EXPORT_STORY,217
18:49:34,CREATE_STORY,8
18:49:34,UPDATE_STORY,11
18:49:34,DELETE_STORY,11
18:49:34,SEARCH_LABELS,4
18:49:34,SEARCH_STORIES,3
18:49:34,SEARCH_STORIES,32
18:49:34,EXPORT_STORY,208
18:49:34,CREATE_STORY,8
18:49:34,UPDATE_STORY,12
18:49:34,DELETE_STORY,12
18:49:35,SEARCH_LABELS,4
18:49:35,SEARCH_STORIES,3
18:49:35,SEARCH_STORIES,32
18:49:35,EXPORT_STORY,220
18:49:35,CREATE_STORY,9
18:49:35,SEARCH_LABELS,4
18:49:35,SEARCH_STORIES,3
18:49:35,UPDATE_STORY,13
18:49:35,DELETE_STORY,15
18:49:35,SEARCH_STORIES,31
18:49:35,EXPORT_STORY,212
18:49:35,CREATE_STORY,8
18:49:35,UPDATE_STORY,12
18:49:35,DELETE_STORY,14
18:49:36,SEARCH_LABELS,4
18:49:36,SEARCH_STORIES,4
18:49:36,SEARCH_STORIES,36
18:49:36,EXPORT_STORY,217
18:49:36,CREATE_STORY,7
18:49:36,UPDATE_STORY,13
18:49:36,DELETE_STORY,13
18:49:37,SEARCH_LABELS,5
18:49:37,SEARCH_STORIES,3
18:49:37,SEARCH_STORIES,30
18:49:37,SEARCH_LABELS,5
18:49:37,EXPORT_STORY,211
18:49:37,SEARCH_STORIES,3
18:49:37,CREATE_STORY,10
18:49:37,UPDATE_STORY,14
18:49:37,SEARCH_STORIES,33
18:49:37,DELETE_STORY,13
18:49:37,EXPORT_STORY,212
18:49:37,CREATE_STORY,7
18:49:37,UPDATE_STORY,12
18:49:37,DELETE_STORY,12
18:49:38,SEARCH_LABELS,5
18:49:38,SEARCH_STORIES,3
18:49:38,SEARCH_STORIES,32
18:49:38,EXPORT_STORY,210
18:49:38,CREATE_STORY,7
18:49:38,UPDATE_STORY,12
18:49:38,DELETE_STORY,12
18:49:38,SEARCH_LABELS,3
18:49:38,SEARCH_STORIES,3
18:49:38,SEARCH_STORIES,31
18:49:38,EXPORT_STORY,202
18:49:38,CREATE_STORY,8
18:49:38,UPDATE_STORY,11
18:49:38,DELETE_STORY,10
18:49:38,SEARCH_LABELS,4
18:49:38,SEARCH_STORIES,3
18:49:38,SEARCH_STORIES,29
18:49:39,SEARCH_LABELS,5
18:49:39,SEARCH_STORIES,4
18:49:39,SEARCH_STORIES,41
18:49:39,EXPORT_STORY,244
18:49:39,CREATE_STORY,7
18:49:39,UPDATE_STORY,11
18:49:39,DELETE_STORY,12
18:49:39,EXPORT_STORY,212
18:49:39,CREATE_STORY,7
18:49:39,UPDATE_STORY,12
18:49:39,DELETE_STORY,11
18:49:39,SEARCH_LABELS,4
18:49:39,SEARCH_STORIES,3
18:49:39,SEARCH_STORIES,35
18:49:40,EXPORT_STORY,213
18:49:40,CREATE_STORY,8
18:49:40,UPDATE_STORY,12
18:49:40,DELETE_STORY,13
18:49:40,SEARCH_LABELS,4
18:49:40,SEARCH_STORIES,3
18:49:40,SEARCH_STORIES,33
18:49:40,EXPORT_STORY,212
18:49:40,CREATE_STORY,8
18:49:40,UPDATE_STORY,14
18:49:40,DELETE_STORY,12
18:49:40,SEARCH_LABELS,4
18:49:40,SEARCH_STORIES,3
18:49:40,SEARCH_STORIES,30
18:49:40,SEARCH_LABELS,6
18:49:40,SEARCH_STORIES,4
18:49:40,SEARCH_STORIES,39
18:49:41,EXPORT_STORY,252
18:49:41,CREATE_STORY,8
18:49:41,UPDATE_STORY,16
18:49:41,DELETE_STORY,12
18:49:41,EXPORT_STORY,217
18:49:41,CREATE_STORY,7
18:49:41,UPDATE_STORY,11
18:49:41,DELETE_STORY,12
18:49:41,SEARCH_LABELS,5
18:49:41,SEARCH_STORIES,3
18:49:41,SEARCH_STORIES,30
18:49:41,EXPORT_STORY,219
18:49:41,CREATE_STORY,7
18:49:41,UPDATE_STORY,11
18:49:42,DELETE_STORY,12
18:49:42,SEARCH_LABELS,4
18:49:42,SEARCH_STORIES,3
18:49:42,SEARCH_STORIES,30
18:49:42,EXPORT_STORY,217
18:49:42,CREATE_STORY,8
18:49:42,UPDATE_STORY,12
18:49:42,DELETE_STORY,14
18:49:42,SEARCH_LABELS,4
18:49:42,SEARCH_STORIES,3
18:49:42,SEARCH_STORIES,30
18:49:42,SEARCH_LABELS,5
18:49:42,SEARCH_STORIES,4
18:49:42,SEARCH_STORIES,44
18:49:42,EXPORT_STORY,270
18:49:42,CREATE_STORY,8
18:49:42,UPDATE_STORY,13
18:49:42,DELETE_STORY,13
18:49:43,EXPORT_STORY,296
18:49:43,CREATE_STORY,7
18:49:43,UPDATE_STORY,16
18:49:43,DELETE_STORY,12
18:49:43,SEARCH_LABELS,5
18:49:43,SEARCH_STORIES,3
18:49:43,SEARCH_STORIES,32
18:49:43,EXPORT_STORY,220
18:49:43,CREATE_STORY,8
18:49:43,UPDATE_STORY,16
18:49:43,DELETE_STORY,12
18:49:43,SEARCH_LABELS,4
18:49:43,SEARCH_STORIES,3
18:49:43,SEARCH_STORIES,29
18:49:44,EXPORT_STORY,226
18:49:44,CREATE_STORY,8
18:49:44,UPDATE_STORY,12
18:49:44,DELETE_STORY,11
18:49:44,SEARCH_LABELS,5
18:49:44,SEARCH_STORIES,3
18:49:44,SEARCH_STORIES,29
18:49:44,EXPORT_STORY,214
18:49:44,CREATE_STORY,9
18:49:44,UPDATE_STORY,13
18:49:44,DELETE_STORY,11
18:49:45,SEARCH_LABELS,4
18:49:45,SEARCH_STORIES,3
18:49:45,SEARCH_STORIES,32
18:49:45,EXPORT_STORY,211
18:49:45,CREATE_STORY,7
18:49:45,UPDATE_STORY,11
18:49:45,SEARCH_LABELS,3
18:49:45,SEARCH_STORIES,3
18:49:45,DELETE_STORY,11
18:49:45,SEARCH_STORIES,29
18:49:45,EXPORT_STORY,215
18:49:45,CREATE_STORY,8
18:49:45,UPDATE_STORY,13
18:49:45,DELETE_STORY,14
18:49:46,SEARCH_LABELS,5
18:49:46,SEARCH_STORIES,3
18:49:46,SEARCH_STORIES,34
18:49:46,EXPORT_STORY,211
18:49:46,CREATE_STORY,8
18:49:46,UPDATE_STORY,14
18:49:46,DELETE_STORY,12
18:49:47,SEARCH_LABELS,4
18:49:47,SEARCH_STORIES,3
18:49:47,SEARCH_STORIES,30
18:49:47,SEARCH_LABELS,5
18:49:47,SEARCH_STORIES,4
18:49:47,EXPORT_STORY,230
18:49:47,CREATE_STORY,10
18:49:47,SEARCH_STORIES,37
18:49:47,UPDATE_STORY,13
18:49:47,DELETE_STORY,10
18:49:47,EXPORT_STORY,211
18:49:47,CREATE_STORY,7
18:49:47,UPDATE_STORY,11
18:49:47,DELETE_STORY,12
18:49:48,SEARCH_LABELS,4
18:49:48,SEARCH_STORIES,4
18:49:48,SEARCH_STORIES,30
18:49:48,EXPORT_STORY,214
18:49:48,CREATE_STORY,8
18:49:48,UPDATE_STORY,12
18:49:48,DELETE_STORY,13
18:49:48,SEARCH_LABELS,3
18:49:48,SEARCH_STORIES,2
18:49:48,SEARCH_STORIES,31
18:49:48,EXPORT_STORY,223
18:49:48,CREATE_STORY,8
18:49:48,SEARCH_LABELS,3
18:49:48,SEARCH_STORIES,3
18:49:48,UPDATE_STORY,12
18:49:48,DELETE_STORY,11
18:49:48,SEARCH_STORIES,32
18:49:49,SEARCH_LABELS,5
18:49:49,SEARCH_STORIES,5
18:49:49,SEARCH_STORIES,43
18:49:49,EXPORT_STORY,247
18:49:49,CREATE_STORY,7
18:49:49,UPDATE_STORY,12
18:49:49,DELETE_STORY,11
18:49:49,EXPORT_STORY,222
18:49:49,CREATE_STORY,8
18:49:49,UPDATE_STORY,14
18:49:49,DELETE_STORY,11
18:49:49,SEARCH_LABELS,4
18:49:49,SEARCH_STORIES,3
18:49:49,SEARCH_STORIES,32
18:49:50,EXPORT_STORY,223
18:49:50,CREATE_STORY,9
18:49:50,UPDATE_STORY,12
18:49:50,DELETE_STORY,11
18:49:50,SEARCH_LABELS,3
18:49:50,SEARCH_STORIES,3
18:49:50,SEARCH_STORIES,34
18:49:50,EXPORT_STORY,197
18:49:50,CREATE_STORY,8
18:49:50,UPDATE_STORY,12
18:49:50,DELETE_STORY,12
18:49:50,SEARCH_LABELS,5
18:49:50,SEARCH_STORIES,3
18:49:50,SEARCH_STORIES,30
18:49:50,SEARCH_LABELS,6
18:49:50,SEARCH_STORIES,4
18:49:50,SEARCH_STORIES,40
18:49:51,EXPORT_STORY,247
18:49:51,CREATE_STORY,8
18:49:51,UPDATE_STORY,11
18:49:51,DELETE_STORY,12
18:49:51,EXPORT_STORY,209
18:49:51,CREATE_STORY,6
18:49:51,UPDATE_STORY,15
18:49:51,DELETE_STORY,11
18:49:51,SEARCH_LABELS,4
18:49:51,SEARCH_STORIES,3
18:49:51,SEARCH_STORIES,31
18:49:51,EXPORT_STORY,213
18:49:51,CREATE_STORY,7
18:49:51,UPDATE_STORY,14
18:49:52,DELETE_STORY,12
18:49:52,SEARCH_LABELS,3
18:49:52,SEARCH_STORIES,4
18:49:52,SEARCH_STORIES,30
18:49:52,EXPORT_STORY,222
18:49:52,CREATE_STORY,7
18:49:52,UPDATE_STORY,10
18:49:52,DELETE_STORY,11
18:49:52,SEARCH_LABELS,4
18:49:52,SEARCH_STORIES,3
18:49:52,SEARCH_STORIES,31
18:49:52,SEARCH_LABELS,5
18:49:52,SEARCH_STORIES,4
18:49:52,SEARCH_STORIES,39
18:49:52,EXPORT_STORY,267
18:49:52,CREATE_STORY,9
18:49:52,UPDATE_STORY,13
18:49:52,DELETE_STORY,16
18:49:53,EXPORT_STORY,229
18:49:53,CREATE_STORY,6
18:49:53,UPDATE_STORY,11
18:49:53,DELETE_STORY,11
18:49:53,SEARCH_LABELS,4
18:49:53,SEARCH_STORIES,3
18:49:53,SEARCH_STORIES,29
18:49:53,EXPORT_STORY,215
18:49:53,CREATE_STORY,7
18:49:53,UPDATE_STORY,13
18:49:53,DELETE_STORY,12
18:49:53,SEARCH_LABELS,4
18:49:53,SEARCH_STORIES,3
18:49:53,SEARCH_STORIES,30
18:49:54,EXPORT_STORY,225
18:49:54,CREATE_STORY,8
18:49:54,UPDATE_STORY,12
18:49:54,DELETE_STORY,11
18:49:54,SEARCH_LABELS,4
18:49:54,SEARCH_STORIES,3
18:49:54,SEARCH_STORIES,29
18:49:54,EXPORT_STORY,222
18:49:54,CREATE_STORY,8
18:49:54,UPDATE_STORY,11
18:49:54,DELETE_STORY,10
18:49:55,SEARCH_LABELS,4
18:49:55,SEARCH_STORIES,3
18:49:55,SEARCH_STORIES,34
18:49:55,EXPORT_STORY,207
18:49:55,CREATE_STORY,7
18:49:55,UPDATE_STORY,13
18:49:55,SEARCH_LABELS,3
18:49:55,SEARCH_STORIES,2
18:49:55,DELETE_STORY,11
18:49:55,SEARCH_STORIES,30
18:49:55,EXPORT_STORY,217
18:49:55,CREATE_STORY,10
18:49:55,UPDATE_STORY,17
18:49:55,DELETE_STORY,12
18:49:56,SEARCH_LABELS,4
18:49:56,SEARCH_STORIES,3
18:49:56,SEARCH_STORIES,31
18:49:56,EXPORT_STORY,218
18:49:56,CREATE_STORY,10
18:49:56,UPDATE_STORY,12
18:49:56,DELETE_STORY,11
18:49:57,SEARCH_LABELS,5
18:49:57,SEARCH_STORIES,3
18:49:57,SEARCH_STORIES,32
18:49:57,SEARCH_LABELS,5
18:49:57,SEARCH_STORIES,5
18:49:57,SEARCH_STORIES,45
18:49:57,EXPORT_STORY,264
18:49:57,CREATE_STORY,7
18:49:57,UPDATE_STORY,11
18:49:57,DELETE_STORY,10
18:49:57,EXPORT_STORY,210
18:49:57,CREATE_STORY,22
18:49:57,UPDATE_STORY,12
18:49:57,DELETE_STORY,12
18:49:58,SEARCH_LABELS,4
18:49:58,SEARCH_STORIES,3
18:49:58,SEARCH_STORIES,37
18:49:58,EXPORT_STORY,215
18:49:58,CREATE_STORY,9
18:49:58,UPDATE_STORY,10
18:49:58,DELETE_STORY,12
18:49:58,SEARCH_LABELS,3
18:49:58,SEARCH_STORIES,4
18:49:58,SEARCH_STORIES,29
18:49:58,EXPORT_STORY,206
18:49:58,CREATE_STORY,7
18:49:58,UPDATE_STORY,11
18:49:58,DELETE_STORY,12
18:49:58,SEARCH_LABELS,4
18:49:58,SEARCH_STORIES,3
18:49:58,SEARCH_STORIES,29
18:49:59,SEARCH_LABELS,5
18:49:59,SEARCH_STORIES,5
18:49:59,SEARCH_STORIES,41
18:49:59,EXPORT_STORY,235
18:49:59,CREATE_STORY,7
18:49:59,UPDATE_STORY,12
18:49:59,DELETE_STORY,11
18:49:59,EXPORT_STORY,217
18:49:59,CREATE_STORY,7
18:49:59,UPDATE_STORY,12
18:49:59,DELETE_STORY,10
18:49:59,SEARCH_LABELS,4
18:49:59,SEARCH_STORIES,3
18:49:59,SEARCH_STORIES,34
18:50:0,EXPORT_STORY,218
18:50:0,CREATE_STORY,8
18:50:0,UPDATE_STORY,11
18:50:0,DELETE_STORY,14
18:50:0,SEARCH_LABELS,3
18:50:0,SEARCH_STORIES,4
18:50:0,SEARCH_STORIES,33
18:50:0,EXPORT_STORY,208
18:50:0,CREATE_STORY,7
18:50:0,UPDATE_STORY,12
18:50:0,DELETE_STORY,11
18:50:0,SEARCH_LABELS,4
18:50:0,SEARCH_STORIES,4
18:50:0,SEARCH_STORIES,31
18:50:0,SEARCH_LABELS,5
18:50:0,SEARCH_STORIES,3
18:50:0,SEARCH_STORIES,49
18:50:1,EXPORT_STORY,245
18:50:1,CREATE_STORY,7
18:50:1,UPDATE_STORY,13
18:50:1,DELETE_STORY,10
18:50:1,EXPORT_STORY,208
18:50:1,CREATE_STORY,7
18:50:1,UPDATE_STORY,12
18:50:1,DELETE_STORY,35
18:50:1,SEARCH_LABELS,5
18:50:1,SEARCH_STORIES,3
18:50:1,SEARCH_STORIES,31
18:50:1,EXPORT_STORY,216
18:50:1,CREATE_STORY,7
18:50:1,UPDATE_STORY,12
18:50:2,DELETE_STORY,11
18:50:2,SEARCH_LABELS,4
18:50:2,SEARCH_STORIES,3
18:50:2,SEARCH_STORIES,31
18:50:2,EXPORT_STORY,215
18:50:2,CREATE_STORY,7
18:50:2,UPDATE_STORY,13
18:50:2,DELETE_STORY,11
18:50:2,SEARCH_LABELS,4
18:50:2,SEARCH_STORIES,3
18:50:2,SEARCH_STORIES,31
18:50:2,SEARCH_LABELS,6
18:50:2,SEARCH_STORIES,5
18:50:2,SEARCH_STORIES,39
18:50:2,EXPORT_STORY,252
18:50:2,CREATE_STORY,8
18:50:2,UPDATE_STORY,14
18:50:2,DELETE_STORY,13
18:50:3,EXPORT_STORY,233
18:50:3,CREATE_STORY,9
18:50:3,UPDATE_STORY,12
18:50:3,DELETE_STORY,11
18:50:3,SEARCH_LABELS,3
18:50:3,SEARCH_STORIES,3
18:50:3,SEARCH_STORIES,32
18:50:3,EXPORT_STORY,211
18:50:3,CREATE_STORY,8
18:50:3,UPDATE_STORY,14
18:50:3,DELETE_STORY,12
18:50:3,SEARCH_LABELS,4
18:50:3,SEARCH_STORIES,3
18:50:3,SEARCH_STORIES,29
18:50:4,EXPORT_STORY,241
18:50:4,CREATE_STORY,7
18:50:4,UPDATE_STORY,12
18:50:4,DELETE_STORY,15
18:50:4,SEARCH_LABELS,4
18:50:4,SEARCH_STORIES,3
18:50:4,SEARCH_STORIES,31
18:50:4,EXPORT_STORY,212
18:50:4,CREATE_STORY,7
18:50:4,UPDATE_STORY,12
18:50:4,DELETE_STORY,11
18:50:5,SEARCH_LABELS,4
18:50:5,SEARCH_STORIES,3
18:50:5,SEARCH_STORIES,29
18:50:5,EXPORT_STORY,211
18:50:5,CREATE_STORY,8
18:50:5,UPDATE_STORY,12
18:50:5,SEARCH_LABELS,4
18:50:5,SEARCH_STORIES,2
18:50:5,DELETE_STORY,13
18:50:5,SEARCH_STORIES,30
18:50:5,EXPORT_STORY,205
18:50:5,CREATE_STORY,7
18:50:5,UPDATE_STORY,11
18:50:5,DELETE_STORY,13
18:50:6,SEARCH_LABELS,5
18:50:6,SEARCH_STORIES,3
18:50:6,SEARCH_STORIES,30
18:50:6,EXPORT_STORY,209
18:50:6,CREATE_STORY,8
18:50:6,UPDATE_STORY,12
18:50:6,DELETE_STORY,11
18:50:7,SEARCH_LABELS,5
18:50:7,SEARCH_STORIES,4
18:50:7,SEARCH_STORIES,31
18:50:7,SEARCH_LABELS,8
18:50:7,SEARCH_STORIES,19
18:50:7,SEARCH_STORIES,52
18:50:7,EXPORT_STORY,328
18:50:7,CREATE_STORY,7
18:50:7,UPDATE_STORY,12
18:50:7,DELETE_STORY,11
18:50:7,EXPORT_STORY,209
18:50:7,CREATE_STORY,8
18:50:7,UPDATE_STORY,11
18:50:7,DELETE_STORY,12
18:50:8,SEARCH_LABELS,5
18:50:8,SEARCH_STORIES,3
18:50:8,SEARCH_STORIES,32
18:50:8,EXPORT_STORY,230
18:50:8,CREATE_STORY,7
18:50:8,UPDATE_STORY,11
18:50:8,DELETE_STORY,11
18:50:8,SEARCH_LABELS,3
18:50:8,SEARCH_STORIES,3
18:50:8,SEARCH_STORIES,32
18:50:8,EXPORT_STORY,209
18:50:8,CREATE_STORY,7
18:50:8,UPDATE_STORY,11
18:50:8,SEARCH_LABELS,3
18:50:8,SEARCH_STORIES,2
18:50:8,DELETE_STORY,11
18:50:8,SEARCH_STORIES,31
18:50:9,SEARCH_LABELS,5
18:50:9,SEARCH_STORIES,4
18:50:9,SEARCH_STORIES,42
18:50:9,EXPORT_STORY,236
18:50:9,CREATE_STORY,8
18:50:9,UPDATE_STORY,12
18:50:9,DELETE_STORY,11
18:50:9,EXPORT_STORY,235
18:50:9,CREATE_STORY,8
18:50:9,UPDATE_STORY,14
18:50:9,DELETE_STORY,11
18:50:9,SEARCH_LABELS,3
18:50:9,SEARCH_STORIES,2
18:50:9,SEARCH_STORIES,37
18:50:10,EXPORT_STORY,226
18:50:10,CREATE_STORY,7
18:50:10,UPDATE_STORY,12
18:50:10,DELETE_STORY,13
18:50:10,SEARCH_LABELS,3
18:50:10,SEARCH_STORIES,3
18:50:10,SEARCH_STORIES,34
18:50:10,EXPORT_STORY,211
18:50:10,CREATE_STORY,7
18:50:10,UPDATE_STORY,12
18:50:10,DELETE_STORY,11
18:50:10,SEARCH_LABELS,4
18:50:10,SEARCH_STORIES,3
18:50:10,SEARCH_STORIES,31
18:50:10,SEARCH_LABELS,5
18:50:10,SEARCH_STORIES,5
18:50:10,SEARCH_STORIES,43
18:50:11,EXPORT_STORY,239
18:50:11,CREATE_STORY,6
18:50:11,UPDATE_STORY,14
18:50:11,DELETE_STORY,13
18:50:11,EXPORT_STORY,221
18:50:11,CREATE_STORY,8
18:50:11,UPDATE_STORY,12
18:50:11,DELETE_STORY,11
18:50:11,SEARCH_LABELS,4
18:50:11,SEARCH_STORIES,3
18:50:11,SEARCH_STORIES,30
18:50:11,EXPORT_STORY,211
18:50:11,CREATE_STORY,8
18:50:11,UPDATE_STORY,11
18:50:11,DELETE_STORY,11
18:50:12,SEARCH_LABELS,4
18:50:12,SEARCH_STORIES,3
18:50:12,SEARCH_STORIES,31
18:50:12,EXPORT_STORY,217
18:50:12,CREATE_STORY,8
18:50:12,UPDATE_STORY,13
18:50:12,DELETE_STORY,13
18:50:12,SEARCH_LABELS,4
18:50:12,SEARCH_STORIES,3
18:50:12,SEARCH_STORIES,31
18:50:12,SEARCH_LABELS,5
18:50:12,SEARCH_STORIES,4
18:50:12,SEARCH_STORIES,39
18:50:12,EXPORT_STORY,248
18:50:12,CREATE_STORY,7
18:50:12,UPDATE_STORY,11
18:50:12,DELETE_STORY,11
18:50:13,EXPORT_STORY,226
18:50:13,CREATE_STORY,7
18:50:13,UPDATE_STORY,13
18:50:13,DELETE_STORY,13
18:50:13,SEARCH_LABELS,5
18:50:13,SEARCH_STORIES,3
18:50:13,SEARCH_STORIES,32
18:50:13,EXPORT_STORY,214
18:50:13,CREATE_STORY,8
18:50:13,UPDATE_STORY,14
18:50:13,DELETE_STORY,12
18:50:13,SEARCH_LABELS,3
18:50:13,SEARCH_STORIES,3
18:50:13,SEARCH_STORIES,32
18:50:14,EXPORT_STORY,239
18:50:14,CREATE_STORY,9
18:50:14,UPDATE_STORY,13
18:50:14,DELETE_STORY,11
18:50:14,SEARCH_LABELS,4
18:50:14,SEARCH_STORIES,3
18:50:14,SEARCH_STORIES,31
18:50:14,EXPORT_STORY,212
18:50:14,CREATE_STORY,8
18:50:14,UPDATE_STORY,12
18:50:14,DELETE_STORY,11
18:50:15,SEARCH_LABELS,4
18:50:15,SEARCH_STORIES,4
18:50:15,SEARCH_STORIES,29
18:50:15,EXPORT_STORY,223
18:50:15,CREATE_STORY,8
18:50:15,SEARCH_LABELS,3
18:50:15,SEARCH_STORIES,4
18:50:15,UPDATE_STORY,13
18:50:15,DELETE_STORY,12
18:50:15,SEARCH_STORIES,32
18:50:15,EXPORT_STORY,219
18:50:15,CREATE_STORY,7
18:50:15,UPDATE_STORY,14
18:50:15,DELETE_STORY,14
18:50:16,SEARCH_LABELS,5
18:50:16,SEARCH_STORIES,3
18:50:16,SEARCH_STORIES,30
18:50:16,EXPORT_STORY,220
18:50:16,CREATE_STORY,8
18:50:16,UPDATE_STORY,12
18:50:16,DELETE_STORY,12
18:50:17,SEARCH_LABELS,4
18:50:17,SEARCH_STORIES,3
18:50:17,SEARCH_STORIES,30
18:50:17,SEARCH_LABELS,5
18:50:17,SEARCH_STORIES,5
18:50:17,EXPORT_STORY,235
18:50:17,CREATE_STORY,9
18:50:17,SEARCH_STORIES,38
18:50:17,UPDATE_STORY,15
18:50:17,DELETE_STORY,12
18:50:17,EXPORT_STORY,209
18:50:17,CREATE_STORY,8
18:50:17,UPDATE_STORY,13
18:50:17,DELETE_STORY,13
18:50:18,SEARCH_LABELS,4
18:50:18,SEARCH_STORIES,3
18:50:18,SEARCH_STORIES,33
18:50:18,EXPORT_STORY,211
18:50:18,CREATE_STORY,8
18:50:18,UPDATE_STORY,14
18:50:18,DELETE_STORY,11
18:50:18,SEARCH_LABELS,4
18:50:18,SEARCH_STORIES,3
18:50:18,SEARCH_STORIES,41
18:50:18,EXPORT_STORY,210
18:50:18,CREATE_STORY,8
18:50:18,SEARCH_LABELS,3
18:50:18,SEARCH_STORIES,2
18:50:18,UPDATE_STORY,12
18:50:18,DELETE_STORY,13
18:50:18,SEARCH_STORIES,34
18:50:19,SEARCH_LABELS,5
18:50:19,SEARCH_STORIES,5
18:50:19,SEARCH_STORIES,48
18:50:19,EXPORT_STORY,249
18:50:19,CREATE_STORY,8
18:50:19,UPDATE_STORY,13
18:50:19,DELETE_STORY,11
18:50:19,EXPORT_STORY,239
18:50:19,CREATE_STORY,9
18:50:19,UPDATE_STORY,19
18:50:19,DELETE_STORY,31
18:50:19,SEARCH_LABELS,4
18:50:19,SEARCH_STORIES,3
18:50:19,SEARCH_STORIES,35
18:50:20,EXPORT_STORY,265
18:50:20,CREATE_STORY,8
18:50:20,UPDATE_STORY,13
18:50:20,SEARCH_LABELS,4
18:50:20,SEARCH_STORIES,3
18:50:20,DELETE_STORY,14
18:50:20,SEARCH_STORIES,33
18:50:20,EXPORT_STORY,221
18:50:20,CREATE_STORY,8
18:50:20,UPDATE_STORY,13
18:50:20,DELETE_STORY,11
18:50:20,SEARCH_LABELS,4
18:50:20,SEARCH_STORIES,3
18:50:20,SEARCH_STORIES,32
18:50:20,SEARCH_LABELS,6
18:50:20,SEARCH_STORIES,4
18:50:20,SEARCH_STORIES,43
18:50:21,EXPORT_STORY,241
18:50:21,CREATE_STORY,7
18:50:21,UPDATE_STORY,12
18:50:21,DELETE_STORY,11
18:50:21,EXPORT_STORY,225
18:50:21,CREATE_STORY,7
18:50:21,UPDATE_STORY,13
18:50:21,DELETE_STORY,12
18:50:21,SEARCH_LABELS,4
18:50:21,SEARCH_STORIES,3
18:50:21,SEARCH_STORIES,39
18:50:21,EXPORT_STORY,217
18:50:21,CREATE_STORY,7
18:50:22,UPDATE_STORY,13
18:50:22,DELETE_STORY,12
18:50:22,SEARCH_LABELS,4
18:50:22,SEARCH_STORIES,3
18:50:22,SEARCH_STORIES,32
18:50:22,EXPORT_STORY,217
18:50:22,CREATE_STORY,8
18:50:22,UPDATE_STORY,13
18:50:22,DELETE_STORY,12
18:50:22,SEARCH_LABELS,4
18:50:22,SEARCH_STORIES,3
18:50:22,SEARCH_STORIES,31
18:50:22,SEARCH_LABELS,5
18:50:22,SEARCH_STORIES,4
18:50:22,SEARCH_STORIES,48
18:50:22,EXPORT_STORY,238
18:50:22,CREATE_STORY,8
18:50:22,UPDATE_STORY,13
18:50:22,DELETE_STORY,12
18:50:23,EXPORT_STORY,221
18:50:23,CREATE_STORY,9
18:50:23,UPDATE_STORY,12
18:50:23,DELETE_STORY,12
18:50:23,SEARCH_LABELS,4
18:50:23,SEARCH_STORIES,3
18:50:23,SEARCH_STORIES,33
18:50:23,EXPORT_STORY,209
18:50:23,CREATE_STORY,8
18:50:23,UPDATE_STORY,15
18:50:23,DELETE_STORY,12
18:50:23,SEARCH_LABELS,4
18:50:23,SEARCH_STORIES,3
18:50:23,SEARCH_STORIES,36
18:50:24,EXPORT_STORY,232
18:50:24,CREATE_STORY,10
18:50:24,UPDATE_STORY,13
18:50:24,DELETE_STORY,12
18:50:24,SEARCH_LABELS,4
18:50:24,SEARCH_STORIES,3
18:50:24,SEARCH_STORIES,31
18:50:24,EXPORT_STORY,212
18:50:24,CREATE_STORY,9
18:50:24,UPDATE_STORY,14
18:50:24,DELETE_STORY,12
18:50:25,SEARCH_LABELS,4
18:50:25,SEARCH_STORIES,3
18:50:25,SEARCH_STORIES,33
18:50:25,EXPORT_STORY,217
18:50:25,CREATE_STORY,7
18:50:25,SEARCH_LABELS,4
18:50:25,SEARCH_STORIES,4
18:50:25,UPDATE_STORY,15
18:50:25,DELETE_STORY,14
18:50:25,SEARCH_STORIES,37
18:50:25,EXPORT_STORY,217
18:50:25,CREATE_STORY,8
18:50:25,UPDATE_STORY,14
18:50:25,DELETE_STORY,12
18:50:26,SEARCH_LABELS,4
18:50:26,SEARCH_STORIES,3
18:50:26,SEARCH_STORIES,33
18:50:26,EXPORT_STORY,207
18:50:26,CREATE_STORY,8
18:50:26,UPDATE_STORY,12
18:50:26,DELETE_STORY,13
18:50:27,SEARCH_LABELS,4
18:50:27,SEARCH_STORIES,3
18:50:27,SEARCH_STORIES,32
18:50:27,SEARCH_LABELS,5
18:50:27,SEARCH_STORIES,4
18:50:27,EXPORT_STORY,243
18:50:27,CREATE_STORY,9
18:50:27,SEARCH_STORIES,42
18:50:27,UPDATE_STORY,13
18:50:27,DELETE_STORY,12
18:50:27,EXPORT_STORY,217
18:50:27,CREATE_STORY,7
18:50:27,UPDATE_STORY,14
18:50:27,DELETE_STORY,12
18:50:28,SEARCH_LABELS,4
18:50:28,SEARCH_STORIES,3
18:50:28,SEARCH_STORIES,31
18:50:28,EXPORT_STORY,229
18:50:28,CREATE_STORY,8
18:50:28,UPDATE_STORY,13
18:50:28,DELETE_STORY,12
18:50:28,SEARCH_LABELS,3
18:50:28,SEARCH_STORIES,3
18:50:28,SEARCH_STORIES,28
18:50:28,EXPORT_STORY,208
18:50:28,CREATE_STORY,8
18:50:28,UPDATE_STORY,13
18:50:28,SEARCH_LABELS,4
18:50:28,DELETE_STORY,12
18:50:28,SEARCH_STORIES,3
18:50:28,SEARCH_STORIES,28
18:50:29,SEARCH_LABELS,5
18:50:29,SEARCH_STORIES,5
18:50:29,SEARCH_STORIES,39
18:50:29,EXPORT_STORY,229
18:50:29,CREATE_STORY,8
18:50:29,UPDATE_STORY,12
18:50:29,DELETE_STORY,12
18:50:29,EXPORT_STORY,222
18:50:29,CREATE_STORY,7
18:50:29,UPDATE_STORY,14
18:50:29,DELETE_STORY,12
18:50:29,SEARCH_LABELS,4
18:50:29,SEARCH_STORIES,3
18:50:29,SEARCH_STORIES,33
18:50:30,EXPORT_STORY,238
18:50:30,CREATE_STORY,8
18:50:30,UPDATE_STORY,13
18:50:30,DELETE_STORY,12
18:50:30,SEARCH_LABELS,4
18:50:30,SEARCH_STORIES,3
18:50:30,SEARCH_STORIES,34
18:50:30,EXPORT_STORY,208
18:50:30,CREATE_STORY,8
18:50:30,UPDATE_STORY,11
18:50:30,DELETE_STORY,12
18:50:30,SEARCH_LABELS,4
18:50:30,SEARCH_STORIES,3
18:50:30,SEARCH_STORIES,35
18:50:30,SEARCH_LABELS,5
18:50:30,SEARCH_STORIES,5
18:50:30,SEARCH_STORIES,39
18:50:31,EXPORT_STORY,245
18:50:31,CREATE_STORY,8
18:50:31,UPDATE_STORY,12
18:50:31,DELETE_STORY,12
18:50:31,EXPORT_STORY,215
18:50:31,CREATE_STORY,8
18:50:31,UPDATE_STORY,13
18:50:31,DELETE_STORY,11
18:50:31,SEARCH_LABELS,5
18:50:31,SEARCH_STORIES,3
18:50:31,SEARCH_STORIES,29
18:50:31,EXPORT_STORY,238
18:50:32,CREATE_STORY,7
18:50:32,UPDATE_STORY,12
18:50:32,DELETE_STORY,12
18:50:32,SEARCH_LABELS,4
18:50:32,SEARCH_STORIES,3
18:50:32,SEARCH_STORIES,31
18:50:32,EXPORT_STORY,221
18:50:32,CREATE_STORY,8
18:50:32,UPDATE_STORY,12
18:50:32,DELETE_STORY,13
18:50:32,SEARCH_LABELS,4
18:50:32,SEARCH_STORIES,3
18:50:32,SEARCH_STORIES,33
18:50:32,SEARCH_LABELS,5
18:50:32,SEARCH_STORIES,4
18:50:32,SEARCH_STORIES,46
18:50:32,EXPORT_STORY,269
18:50:32,CREATE_STORY,8
18:50:32,UPDATE_STORY,12
18:50:32,DELETE_STORY,13
18:50:33,EXPORT_STORY,231
18:50:33,CREATE_STORY,8
18:50:33,UPDATE_STORY,13
18:50:33,DELETE_STORY,11
18:50:33,SEARCH_LABELS,5
18:50:33,SEARCH_STORIES,3
18:50:33,SEARCH_STORIES,31
18:50:33,EXPORT_STORY,216
18:50:33,CREATE_STORY,7
18:50:33,UPDATE_STORY,13
18:50:33,DELETE_STORY,11
18:50:33,SEARCH_LABELS,4
18:50:33,SEARCH_STORIES,2
18:50:33,SEARCH_STORIES,29
18:50:34,EXPORT_STORY,217
18:50:34,CREATE_STORY,8
18:50:34,UPDATE_STORY,11
18:50:34,DELETE_STORY,12
18:50:34,SEARCH_LABELS,4
18:50:34,SEARCH_STORIES,3
18:50:34,SEARCH_STORIES,30
18:50:34,EXPORT_STORY,215
18:50:34,CREATE_STORY,7
18:50:34,UPDATE_STORY,13
18:50:34,DELETE_STORY,11
18:50:35,SEARCH_LABELS,4
18:50:35,SEARCH_STORIES,3
18:50:35,SEARCH_STORIES,33
18:50:35,EXPORT_STORY,217
18:50:35,CREATE_STORY,7
18:50:35,SEARCH_LABELS,4
18:50:35,SEARCH_STORIES,2
18:50:35,UPDATE_STORY,12
18:50:35,DELETE_STORY,13
18:50:35,SEARCH_STORIES,33
18:50:35,EXPORT_STORY,212
18:50:35,CREATE_STORY,8
18:50:35,UPDATE_STORY,11
18:50:35,DELETE_STORY,15
18:50:36,SEARCH_LABELS,4
18:50:36,SEARCH_STORIES,3
18:50:36,SEARCH_STORIES,31
18:50:36,EXPORT_STORY,217
18:50:36,CREATE_STORY,8
18:50:36,UPDATE_STORY,12
18:50:36,DELETE_STORY,12
18:50:37,SEARCH_LABELS,4
18:50:37,SEARCH_STORIES,2
18:50:37,SEARCH_STORIES,33
18:50:37,SEARCH_LABELS,6
18:50:37,SEARCH_STORIES,5
18:50:37,EXPORT_STORY,252
18:50:37,SEARCH_STORIES,41
18:50:37,CREATE_STORY,8
18:50:37,UPDATE_STORY,13
18:50:37,DELETE_STORY,12
18:50:37,EXPORT_STORY,219
18:50:37,CREATE_STORY,7
18:50:37,UPDATE_STORY,12
18:50:37,DELETE_STORY,10
18:50:38,SEARCH_LABELS,4
18:50:38,SEARCH_STORIES,3
18:50:38,SEARCH_STORIES,30
18:50:38,EXPORT_STORY,226
18:50:38,CREATE_STORY,7
18:50:38,UPDATE_STORY,14
18:50:38,DELETE_STORY,14
18:50:38,SEARCH_LABELS,3
18:50:38,SEARCH_STORIES,3
18:50:38,SEARCH_STORIES,27
18:50:38,EXPORT_STORY,202
18:50:38,CREATE_STORY,8
18:50:38,UPDATE_STORY,12
18:50:38,DELETE_STORY,11
18:50:38,SEARCH_LABELS,4
18:50:38,SEARCH_STORIES,2
18:50:38,SEARCH_STORIES,31
18:50:39,SEARCH_LABELS,6
18:50:39,SEARCH_STORIES,4
18:50:39,SEARCH_STORIES,41
18:50:39,EXPORT_STORY,229
18:50:39,CREATE_STORY,8
18:50:39,UPDATE_STORY,11
18:50:39,DELETE_STORY,11
18:50:39,EXPORT_STORY,212
18:50:39,CREATE_STORY,7
18:50:39,UPDATE_STORY,11
18:50:39,DELETE_STORY,13
18:50:39,SEARCH_LABELS,4
18:50:39,SEARCH_STORIES,3
18:50:39,SEARCH_STORIES,34
18:50:40,EXPORT_STORY,232
18:50:40,CREATE_STORY,8
18:50:40,UPDATE_STORY,13
18:50:40,DELETE_STORY,11
18:50:40,SEARCH_LABELS,4
18:50:40,SEARCH_STORIES,3
18:50:40,SEARCH_STORIES,36
18:50:40,EXPORT_STORY,220
18:50:40,CREATE_STORY,8
18:50:40,UPDATE_STORY,13
18:50:40,DELETE_STORY,14
18:50:40,SEARCH_LABELS,4
18:50:40,SEARCH_STORIES,3
18:50:40,SEARCH_STORIES,30
18:50:40,SEARCH_LABELS,5
18:50:40,SEARCH_STORIES,5
18:50:40,SEARCH_STORIES,39
18:50:41,EXPORT_STORY,247
18:50:41,CREATE_STORY,7
18:50:41,UPDATE_STORY,12
18:50:41,DELETE_STORY,10
18:50:41,EXPORT_STORY,208
18:50:41,CREATE_STORY,8
18:50:41,UPDATE_STORY,11
18:50:41,DELETE_STORY,10
18:50:41,SEARCH_LABELS,4
18:50:41,SEARCH_STORIES,4
18:50:41,SEARCH_STORIES,30
18:50:41,EXPORT_STORY,200
18:50:41,CREATE_STORY,8
18:50:41,UPDATE_STORY,14
18:50:41,DELETE_STORY,12
18:50:42,SEARCH_LABELS,4
18:50:42,SEARCH_STORIES,3
18:50:42,SEARCH_STORIES,30
18:50:42,EXPORT_STORY,213
18:50:42,CREATE_STORY,6
18:50:42,UPDATE_STORY,11
18:50:42,DELETE_STORY,12
18:50:42,SEARCH_LABELS,4
18:50:42,SEARCH_STORIES,2
18:50:42,SEARCH_STORIES,31
18:50:42,SEARCH_LABELS,5
18:50:42,SEARCH_STORIES,4
18:50:42,SEARCH_STORIES,43
18:50:42,EXPORT_STORY,233
18:50:42,CREATE_STORY,9
18:50:42,UPDATE_STORY,13
18:50:42,DELETE_STORY,10
18:50:43,EXPORT_STORY,215
18:50:43,CREATE_STORY,6
18:50:43,UPDATE_STORY,13
18:50:43,DELETE_STORY,13
18:50:43,SEARCH_LABELS,5
18:50:43,SEARCH_STORIES,3
18:50:43,SEARCH_STORIES,34
18:50:43,EXPORT_STORY,218
18:50:43,CREATE_STORY,8
18:50:43,UPDATE_STORY,14
18:50:43,DELETE_STORY,12
18:50:43,SEARCH_LABELS,4
18:50:43,SEARCH_STORIES,3
18:50:43,SEARCH_STORIES,31
18:50:44,EXPORT_STORY,276
18:50:44,CREATE_STORY,13
18:50:44,UPDATE_STORY,11
18:50:44,DELETE_STORY,11
18:50:44,SEARCH_LABELS,4
18:50:44,SEARCH_STORIES,3
18:50:44,SEARCH_STORIES,30
18:50:44,EXPORT_STORY,209
18:50:44,CREATE_STORY,7
18:50:44,UPDATE_STORY,13
18:50:44,DELETE_STORY,13
18:50:45,SEARCH_LABELS,4
18:50:45,SEARCH_STORIES,3
18:50:45,SEARCH_STORIES,32
18:50:45,EXPORT_STORY,215
18:50:45,CREATE_STORY,8
18:50:45,SEARCH_LABELS,4
18:50:45,UPDATE_STORY,13
18:50:45,SEARCH_STORIES,3
18:50:45,DELETE_STORY,12
18:50:45,SEARCH_STORIES,32
18:50:45,EXPORT_STORY,209
18:50:45,CREATE_STORY,7
18:50:45,UPDATE_STORY,12
18:50:45,DELETE_STORY,12
18:50:46,SEARCH_LABELS,4
18:50:46,SEARCH_STORIES,2
18:50:46,SEARCH_STORIES,32
18:50:46,EXPORT_STORY,206
18:50:46,CREATE_STORY,8
18:50:46,UPDATE_STORY,14
18:50:46,DELETE_STORY,12
18:50:47,SEARCH_LABELS,4
18:50:47,SEARCH_STORIES,4
18:50:47,SEARCH_STORIES,31
18:50:47,SEARCH_LABELS,6
18:50:47,SEARCH_STORIES,4
18:50:47,EXPORT_STORY,227
18:50:47,CREATE_STORY,8
18:50:47,UPDATE_STORY,15
18:50:47,SEARCH_STORIES,39
18:50:47,DELETE_STORY,12
18:50:47,EXPORT_STORY,232
18:50:47,CREATE_STORY,6
18:50:47,UPDATE_STORY,11
18:50:47,DELETE_STORY,13
18:50:48,SEARCH_LABELS,4
18:50:48,SEARCH_STORIES,3
18:50:48,SEARCH_STORIES,31
18:50:48,EXPORT_STORY,215
18:50:48,CREATE_STORY,10
18:50:48,UPDATE_STORY,14
18:50:48,DELETE_STORY,11
18:50:48,SEARCH_LABELS,4
18:50:48,SEARCH_STORIES,3
18:50:48,SEARCH_STORIES,33
18:50:48,EXPORT_STORY,223
18:50:48,CREATE_STORY,7
18:50:48,SEARCH_LABELS,3
18:50:48,SEARCH_STORIES,2
18:50:48,UPDATE_STORY,11
18:50:48,DELETE_STORY,12
18:50:48,SEARCH_STORIES,35
18:50:49,SEARCH_LABELS,5
18:50:49,SEARCH_STORIES,5
18:50:49,SEARCH_STORIES,40
18:50:49,EXPORT_STORY,236
18:50:49,CREATE_STORY,8
18:50:49,UPDATE_STORY,12
18:50:49,DELETE_STORY,11
18:50:49,EXPORT_STORY,210
18:50:49,CREATE_STORY,9
18:50:49,UPDATE_STORY,13
18:50:49,DELETE_STORY,11
18:50:49,SEARCH_LABELS,3
18:50:49,SEARCH_STORIES,2
18:50:49,SEARCH_STORIES,33
18:50:50,EXPORT_STORY,230
18:50:50,CREATE_STORY,7
18:50:50,UPDATE_STORY,12
18:50:50,DELETE_STORY,11
18:50:50,SEARCH_LABELS,3
18:50:50,SEARCH_STORIES,3
18:50:50,SEARCH_STORIES,33
18:50:50,EXPORT_STORY,209
18:50:50,CREATE_STORY,12
18:50:50,UPDATE_STORY,14
18:50:50,DELETE_STORY,12
18:50:50,SEARCH_LABELS,4
18:50:50,SEARCH_STORIES,3
18:50:50,SEARCH_STORIES,29
18:50:50,SEARCH_LABELS,5
18:50:50,SEARCH_STORIES,5
18:50:50,SEARCH_STORIES,41
18:50:51,EXPORT_STORY,246
18:50:51,CREATE_STORY,7
18:50:51,UPDATE_STORY,11
18:50:51,DELETE_STORY,11
18:50:51,EXPORT_STORY,224
18:50:51,CREATE_STORY,8
18:50:51,UPDATE_STORY,11
18:50:51,DELETE_STORY,10
18:50:51,SEARCH_LABELS,4
18:50:51,SEARCH_STORIES,3
18:50:51,SEARCH_STORIES,35
18:50:51,EXPORT_STORY,222
18:50:51,CREATE_STORY,7
18:50:51,UPDATE_STORY,11
18:50:52,DELETE_STORY,12
18:50:52,SEARCH_LABELS,4
18:50:52,SEARCH_STORIES,3
18:50:52,SEARCH_STORIES,31
18:50:52,EXPORT_STORY,216
18:50:52,CREATE_STORY,8
18:50:52,UPDATE_STORY,13
18:50:52,DELETE_STORY,12
18:50:52,SEARCH_LABELS,4
18:50:52,SEARCH_STORIES,3
18:50:52,SEARCH_STORIES,31
18:50:52,SEARCH_LABELS,5
18:50:52,SEARCH_STORIES,5
18:50:52,SEARCH_STORIES,45
18:50:52,EXPORT_STORY,245
18:50:52,CREATE_STORY,7
18:50:52,UPDATE_STORY,10
18:50:52,DELETE_STORY,11
18:50:53,EXPORT_STORY,216
18:50:53,CREATE_STORY,7
18:50:53,UPDATE_STORY,11
18:50:53,DELETE_STORY,11
18:50:53,SEARCH_LABELS,3
18:50:53,SEARCH_STORIES,4
18:50:53,SEARCH_STORIES,33
18:50:53,EXPORT_STORY,213
18:50:53,CREATE_STORY,7
18:50:53,UPDATE_STORY,12
18:50:53,DELETE_STORY,12
18:50:53,SEARCH_LABELS,4
18:50:53,SEARCH_STORIES,3
18:50:53,SEARCH_STORIES,32
18:50:54,EXPORT_STORY,211
18:50:54,CREATE_STORY,8
18:50:54,UPDATE_STORY,15
18:50:54,DELETE_STORY,12
18:50:54,SEARCH_LABELS,4
18:50:54,SEARCH_STORIES,3
18:50:54,SEARCH_STORIES,31
18:50:54,EXPORT_STORY,214
18:50:54,CREATE_STORY,7
18:50:54,UPDATE_STORY,12
18:50:54,DELETE_STORY,11
18:50:55,SEARCH_LABELS,4
18:50:55,SEARCH_STORIES,3
18:50:55,SEARCH_STORIES,32
18:50:55,EXPORT_STORY,211
18:50:55,CREATE_STORY,8
18:50:55,UPDATE_STORY,13
18:50:55,SEARCH_LABELS,4
18:50:55,SEARCH_STORIES,3
18:50:55,DELETE_STORY,12
18:50:55,SEARCH_STORIES,29
18:50:55,EXPORT_STORY,224
18:50:55,CREATE_STORY,8
18:50:55,UPDATE_STORY,11
18:50:55,DELETE_STORY,13
18:50:56,SEARCH_LABELS,5
18:50:56,SEARCH_STORIES,3
18:50:56,SEARCH_STORIES,31
18:50:56,EXPORT_STORY,213
18:50:56,CREATE_STORY,7
18:50:56,UPDATE_STORY,12
18:50:56,DELETE_STORY,11
18:50:57,SEARCH_LABELS,4
18:50:57,SEARCH_STORIES,2
18:50:57,SEARCH_STORIES,31
18:50:57,SEARCH_LABELS,5
18:50:57,SEARCH_STORIES,4
18:50:57,EXPORT_STORY,248
18:50:57,SEARCH_STORIES,38
18:50:57,CREATE_STORY,9
18:50:57,UPDATE_STORY,11
18:50:57,DELETE_STORY,12
18:50:57,EXPORT_STORY,222
18:50:57,CREATE_STORY,7
18:50:57,UPDATE_STORY,12
18:50:57,DELETE_STORY,12
18:50:58,SEARCH_LABELS,4
18:50:58,SEARCH_STORIES,3
18:50:58,SEARCH_STORIES,34
18:50:58,EXPORT_STORY,232
18:50:58,CREATE_STORY,9
18:50:58,UPDATE_STORY,14
18:50:58,DELETE_STORY,10
18:50:58,SEARCH_LABELS,3
18:50:58,SEARCH_STORIES,3
18:50:58,SEARCH_STORIES,33
18:50:58,EXPORT_STORY,203
18:50:58,CREATE_STORY,9
18:50:58,UPDATE_STORY,13
18:50:58,SEARCH_LABELS,4
18:50:58,SEARCH_STORIES,3
18:50:58,DELETE_STORY,12
18:50:58,SEARCH_STORIES,28
18:50:59,SEARCH_LABELS,5
18:50:59,SEARCH_STORIES,5
18:50:59,SEARCH_STORIES,43
18:50:59,EXPORT_STORY,227
18:50:59,CREATE_STORY,7
18:50:59,UPDATE_STORY,11
18:50:59,DELETE_STORY,10
18:50:59,EXPORT_STORY,205
18:50:59,CREATE_STORY,8
18:50:59,UPDATE_STORY,15
18:50:59,DELETE_STORY,11
18:50:59,SEARCH_LABELS,4
18:50:59,SEARCH_STORIES,3
18:50:59,SEARCH_STORIES,34
18:51:0,EXPORT_STORY,216
18:51:0,CREATE_STORY,8
18:51:0,UPDATE_STORY,14
18:51:0,DELETE_STORY,10
18:51:0,SEARCH_LABELS,3
18:51:0,SEARCH_STORIES,4
18:51:0,SEARCH_STORIES,36
18:51:0,EXPORT_STORY,210
18:51:0,CREATE_STORY,7
18:51:0,UPDATE_STORY,12
18:51:0,DELETE_STORY,10
18:51:0,SEARCH_LABELS,4
18:51:0,SEARCH_STORIES,3
18:51:0,SEARCH_STORIES,30
18:51:0,SEARCH_LABELS,5
18:51:0,SEARCH_STORIES,4
18:51:0,SEARCH_STORIES,44
18:51:1,EXPORT_STORY,240
18:51:1,CREATE_STORY,31
18:51:1,UPDATE_STORY,13
18:51:1,DELETE_STORY,12
18:51:1,EXPORT_STORY,208
18:51:1,CREATE_STORY,7
18:51:1,UPDATE_STORY,14
18:51:1,DELETE_STORY,11
18:51:1,SEARCH_LABELS,4
18:51:1,SEARCH_STORIES,3
18:51:1,SEARCH_STORIES,32
18:51:1,EXPORT_STORY,215
18:51:1,CREATE_STORY,7
18:51:1,UPDATE_STORY,12
18:51:2,DELETE_STORY,12
18:51:2,SEARCH_LABELS,4
18:51:2,SEARCH_STORIES,2
18:51:2,SEARCH_STORIES,31
18:51:2,EXPORT_STORY,227
18:51:2,CREATE_STORY,10
18:51:2,UPDATE_STORY,13
18:51:2,DELETE_STORY,11
18:51:2,SEARCH_LABELS,4
18:51:2,SEARCH_STORIES,3
18:51:2,SEARCH_STORIES,28
18:51:2,SEARCH_LABELS,5
18:51:2,SEARCH_STORIES,4
18:51:2,SEARCH_STORIES,42
18:51:2,EXPORT_STORY,237
18:51:2,CREATE_STORY,8
18:51:2,UPDATE_STORY,12
18:51:2,DELETE_STORY,10
18:51:3,EXPORT_STORY,219
18:51:3,CREATE_STORY,6
18:51:3,UPDATE_STORY,12
18:51:3,DELETE_STORY,12
18:51:3,SEARCH_LABELS,5
18:51:3,SEARCH_STORIES,3
18:51:3,SEARCH_STORIES,33
18:51:3,EXPORT_STORY,218
18:51:3,CREATE_STORY,7
18:51:3,UPDATE_STORY,15
18:51:3,DELETE_STORY,11
18:51:3,SEARCH_LABELS,4
18:51:3,SEARCH_STORIES,2
18:51:3,SEARCH_STORIES,31
18:51:4,EXPORT_STORY,220
18:51:4,CREATE_STORY,8
18:51:4,UPDATE_STORY,12
18:51:4,DELETE_STORY,11
18:51:4,SEARCH_LABELS,4
18:51:4,SEARCH_STORIES,3
18:51:4,SEARCH_STORIES,32
18:51:4,EXPORT_STORY,209
18:51:4,CREATE_STORY,8
18:51:4,UPDATE_STORY,11
18:51:4,DELETE_STORY,12
18:51:5,SEARCH_LABELS,4
18:51:5,SEARCH_STORIES,3
18:51:5,SEARCH_STORIES,31
18:51:5,EXPORT_STORY,211
18:51:5,CREATE_STORY,8
18:51:5,UPDATE_STORY,13
18:51:5,SEARCH_LABELS,4
18:51:5,SEARCH_STORIES,3
18:51:5,DELETE_STORY,12
18:51:5,SEARCH_STORIES,29
18:51:5,EXPORT_STORY,212
18:51:5,CREATE_STORY,7
18:51:5,UPDATE_STORY,10
18:51:5,DELETE_STORY,12
18:51:6,SEARCH_LABELS,4
18:51:6,SEARCH_STORIES,4
18:51:6,SEARCH_STORIES,31
18:51:6,EXPORT_STORY,223
18:51:6,CREATE_STORY,8
18:51:6,UPDATE_STORY,11
18:51:6,DELETE_STORY,11
18:51:7,SEARCH_LABELS,4
18:51:7,SEARCH_STORIES,3
18:51:7,SEARCH_STORIES,31
18:51:7,SEARCH_LABELS,5
18:51:7,EXPORT_STORY,210
18:51:7,SEARCH_STORIES,5
18:51:7,CREATE_STORY,8
18:51:7,UPDATE_STORY,15
18:51:7,SEARCH_STORIES,32
18:51:7,DELETE_STORY,13
18:51:7,EXPORT_STORY,208
18:51:7,CREATE_STORY,8
18:51:7,UPDATE_STORY,13
18:51:7,DELETE_STORY,11
18:51:8,SEARCH_LABELS,5
18:51:8,SEARCH_STORIES,3
18:51:8,SEARCH_STORIES,33
18:51:8,EXPORT_STORY,295
18:51:8,CREATE_STORY,9
18:51:8,SEARCH_LABELS,3
18:51:8,UPDATE_STORY,14
18:51:8,SEARCH_STORIES,3
18:51:8,DELETE_STORY,13
18:51:8,SEARCH_STORIES,34
18:51:8,EXPORT_STORY,215
18:51:8,CREATE_STORY,8
18:51:8,SEARCH_LABELS,4
18:51:8,UPDATE_STORY,11
18:51:8,SEARCH_STORIES,3
18:51:8,DELETE_STORY,11
18:51:8,SEARCH_STORIES,32
18:51:9,SEARCH_LABELS,5
18:51:9,SEARCH_STORIES,5
18:51:9,SEARCH_STORIES,41
18:51:9,EXPORT_STORY,241
18:51:9,CREATE_STORY,7
18:51:9,UPDATE_STORY,13
18:51:9,DELETE_STORY,11
18:51:9,EXPORT_STORY,221
18:51:9,CREATE_STORY,9
18:51:9,UPDATE_STORY,12
18:51:9,DELETE_STORY,11
18:51:9,SEARCH_LABELS,4
18:51:9,SEARCH_STORIES,3
18:51:9,SEARCH_STORIES,33
18:51:10,EXPORT_STORY,232
18:51:10,CREATE_STORY,7
18:51:10,UPDATE_STORY,13
18:51:10,DELETE_STORY,13
18:51:10,SEARCH_LABELS,3
18:51:10,SEARCH_STORIES,3
18:51:10,SEARCH_STORIES,35
18:51:10,EXPORT_STORY,242
18:51:10,CREATE_STORY,7
18:51:10,UPDATE_STORY,13
18:51:10,DELETE_STORY,14
18:51:10,SEARCH_LABELS,4
18:51:10,SEARCH_STORIES,3
18:51:10,SEARCH_STORIES,31
18:51:10,SEARCH_LABELS,5
18:51:10,SEARCH_STORIES,4
18:51:10,SEARCH_STORIES,43
18:51:11,EXPORT_STORY,247
18:51:11,CREATE_STORY,9
18:51:11,UPDATE_STORY,12
18:51:11,DELETE_STORY,12
18:51:11,EXPORT_STORY,207
18:51:11,CREATE_STORY,7
18:51:11,UPDATE_STORY,14
18:51:11,DELETE_STORY,16
18:51:11,SEARCH_LABELS,4
18:51:11,SEARCH_STORIES,3
18:51:11,SEARCH_STORIES,32
18:51:11,EXPORT_STORY,210
18:51:11,CREATE_STORY,8
18:51:11,UPDATE_STORY,12
18:51:11,DELETE_STORY,12
18:51:12,SEARCH_LABELS,3
18:51:12,SEARCH_STORIES,3
18:51:12,SEARCH_STORIES,32
18:51:12,EXPORT_STORY,215
18:51:12,CREATE_STORY,8
18:51:12,UPDATE_STORY,12
18:51:12,DELETE_STORY,12
18:51:12,SEARCH_LABELS,4
18:51:12,SEARCH_STORIES,3
18:51:12,SEARCH_STORIES,30
18:51:12,SEARCH_LABELS,5
18:51:12,SEARCH_STORIES,5
18:51:12,SEARCH_STORIES,41
18:51:12,EXPORT_STORY,262
18:51:12,CREATE_STORY,8
18:51:12,UPDATE_STORY,12
18:51:12,DELETE_STORY,12
18:51:13,EXPORT_STORY,231
18:51:13,CREATE_STORY,7
18:51:13,UPDATE_STORY,12
18:51:13,DELETE_STORY,12
18:51:13,SEARCH_LABELS,4
18:51:13,SEARCH_STORIES,3
18:51:13,SEARCH_STORIES,33
18:51:13,EXPORT_STORY,219
18:51:13,CREATE_STORY,7
18:51:13,UPDATE_STORY,12
18:51:13,DELETE_STORY,14
18:51:13,SEARCH_LABELS,4
18:51:13,SEARCH_STORIES,3
18:51:13,SEARCH_STORIES,31
18:51:14,EXPORT_STORY,226
18:51:14,CREATE_STORY,7
18:51:14,UPDATE_STORY,12
18:51:14,DELETE_STORY,11
18:51:14,SEARCH_LABELS,4
18:51:14,SEARCH_STORIES,3
18:51:14,SEARCH_STORIES,29
18:51:14,EXPORT_STORY,216
18:51:14,CREATE_STORY,8
18:51:14,UPDATE_STORY,12
18:51:14,DELETE_STORY,12
18:51:15,SEARCH_LABELS,4
18:51:15,SEARCH_STORIES,3
18:51:15,SEARCH_STORIES,31
18:51:15,EXPORT_STORY,208
18:51:15,CREATE_STORY,8
18:51:15,UPDATE_STORY,14
18:51:15,SEARCH_LABELS,3
18:51:15,SEARCH_STORIES,3
18:51:15,DELETE_STORY,12
18:51:15,SEARCH_STORIES,30
18:51:15,EXPORT_STORY,202
18:51:15,CREATE_STORY,6
18:51:15,UPDATE_STORY,11
18:51:15,DELETE_STORY,11
18:51:16,SEARCH_LABELS,4
18:51:16,SEARCH_STORIES,4
18:51:16,SEARCH_STORIES,29
18:51:16,EXPORT_STORY,219
18:51:16,CREATE_STORY,7
18:51:16,UPDATE_STORY,12
18:51:16,DELETE_STORY,14
18:51:17,SEARCH_LABELS,4
18:51:17,SEARCH_STORIES,3
18:51:17,SEARCH_STORIES,33
18:51:17,SEARCH_LABELS,5
18:51:17,SEARCH_STORIES,5
18:51:17,EXPORT_STORY,219
18:51:17,CREATE_STORY,8
18:51:17,UPDATE_STORY,17
18:51:17,SEARCH_STORIES,36
18:51:17,DELETE_STORY,13
18:51:17,EXPORT_STORY,207
18:51:17,CREATE_STORY,7
18:51:17,UPDATE_STORY,12
18:51:17,DELETE_STORY,12
18:51:18,SEARCH_LABELS,4
18:51:18,SEARCH_STORIES,3
18:51:18,SEARCH_STORIES,32
18:51:18,EXPORT_STORY,222
18:51:18,CREATE_STORY,8
18:51:18,UPDATE_STORY,13
18:51:18,DELETE_STORY,11
18:51:18,SEARCH_LABELS,3
18:51:18,SEARCH_STORIES,3
18:51:18,SEARCH_STORIES,30
18:51:18,EXPORT_STORY,204
18:51:18,CREATE_STORY,8
18:51:18,UPDATE_STORY,12
18:51:18,DELETE_STORY,12
18:51:18,SEARCH_LABELS,4
18:51:18,SEARCH_STORIES,2
18:51:18,SEARCH_STORIES,30
18:51:19,SEARCH_LABELS,5
18:51:19,SEARCH_STORIES,4
18:51:19,SEARCH_STORIES,44
18:51:19,EXPORT_STORY,242
18:51:19,CREATE_STORY,8
18:51:19,UPDATE_STORY,12
18:51:19,DELETE_STORY,11
18:51:19,EXPORT_STORY,212
18:51:19,CREATE_STORY,7
18:51:19,UPDATE_STORY,14
18:51:19,DELETE_STORY,12
18:51:19,SEARCH_LABELS,3
18:51:19,SEARCH_STORIES,2
18:51:19,SEARCH_STORIES,34
18:51:20,EXPORT_STORY,241
18:51:20,CREATE_STORY,8
18:51:20,UPDATE_STORY,15
18:51:20,DELETE_STORY,12
18:51:20,SEARCH_LABELS,4
18:51:20,SEARCH_STORIES,2
18:51:20,SEARCH_STORIES,30
18:51:20,SEARCH_LABELS,6
18:51:20,EXPORT_STORY,292
18:51:20,SEARCH_STORIES,3
18:51:20,CREATE_STORY,8
18:51:20,UPDATE_STORY,17
18:51:20,DELETE_STORY,13
18:51:20,SEARCH_STORIES,35
18:51:20,SEARCH_LABELS,5
18:51:20,SEARCH_STORIES,3
18:51:20,SEARCH_STORIES,40
18:51:21,EXPORT_STORY,240
18:51:21,CREATE_STORY,8
18:51:21,UPDATE_STORY,12
18:51:21,DELETE_STORY,13
18:51:21,EXPORT_STORY,218
18:51:21,CREATE_STORY,7
18:51:21,UPDATE_STORY,12
18:51:21,DELETE_STORY,12
18:51:21,SEARCH_LABELS,4
18:51:21,SEARCH_STORIES,3
18:51:21,SEARCH_STORIES,32
18:51:21,EXPORT_STORY,211
18:51:21,CREATE_STORY,10
18:51:21,UPDATE_STORY,12
18:51:21,DELETE_STORY,13
18:51:22,SEARCH_LABELS,5
18:51:22,SEARCH_STORIES,2
18:51:22,SEARCH_STORIES,30
18:51:22,EXPORT_STORY,231
18:51:22,CREATE_STORY,8
18:51:22,UPDATE_STORY,12
18:51:22,DELETE_STORY,13
18:51:22,SEARCH_LABELS,4
18:51:22,SEARCH_STORIES,2
18:51:22,SEARCH_STORIES,30
18:51:22,SEARCH_LABELS,5
18:51:22,SEARCH_STORIES,4
18:51:22,SEARCH_STORIES,46
18:51:22,EXPORT_STORY,282
18:51:22,CREATE_STORY,8
18:51:22,UPDATE_STORY,13
18:51:22,DELETE_STORY,15
18:51:23,EXPORT_STORY,230
18:51:23,CREATE_STORY,8
18:51:23,UPDATE_STORY,11
18:51:23,DELETE_STORY,12
18:51:23,SEARCH_LABELS,4
18:51:23,SEARCH_STORIES,3
18:51:23,SEARCH_STORIES,33
18:51:23,EXPORT_STORY,213
18:51:23,CREATE_STORY,8
18:51:23,UPDATE_STORY,12
18:51:23,DELETE_STORY,11
18:51:23,SEARCH_LABELS,4
18:51:23,SEARCH_STORIES,3
18:51:23,SEARCH_STORIES,31
18:51:24,EXPORT_STORY,214
18:51:24,CREATE_STORY,8
18:51:24,UPDATE_STORY,15
18:51:24,DELETE_STORY,13
18:51:24,SEARCH_LABELS,4
18:51:24,SEARCH_STORIES,3
18:51:24,SEARCH_STORIES,33
18:51:24,EXPORT_STORY,220
18:51:24,CREATE_STORY,8
18:51:24,UPDATE_STORY,12
18:51:24,DELETE_STORY,12
18:51:25,SEARCH_LABELS,4
18:51:25,SEARCH_STORIES,3
18:51:25,SEARCH_STORIES,34
18:51:25,EXPORT_STORY,215
18:51:25,CREATE_STORY,8
18:51:25,SEARCH_LABELS,5
18:51:25,UPDATE_STORY,12
18:51:25,SEARCH_STORIES,4
18:51:25,DELETE_STORY,13
18:51:25,SEARCH_STORIES,34
18:51:25,EXPORT_STORY,216
18:51:25,CREATE_STORY,7
18:51:25,UPDATE_STORY,13
18:51:25,DELETE_STORY,13
18:51:26,SEARCH_LABELS,5
18:51:26,SEARCH_STORIES,3
18:51:26,SEARCH_STORIES,36
18:51:26,EXPORT_STORY,218
18:51:26,CREATE_STORY,7
18:51:26,UPDATE_STORY,11
18:51:26,DELETE_STORY,12
18:51:27,SEARCH_LABELS,4
18:51:27,SEARCH_STORIES,3
18:51:27,SEARCH_STORIES,36
18:51:27,SEARCH_LABELS,5
18:51:27,SEARCH_STORIES,5
18:51:27,EXPORT_STORY,229
18:51:27,CREATE_STORY,9
18:51:27,SEARCH_STORIES,39
18:51:27,UPDATE_STORY,12
18:51:27,DELETE_STORY,11
18:51:27,EXPORT_STORY,210
18:51:27,CREATE_STORY,10
18:51:27,UPDATE_STORY,14
18:51:27,DELETE_STORY,10
18:51:28,SEARCH_LABELS,4
18:51:28,SEARCH_STORIES,3
18:51:28,SEARCH_STORIES,30
18:51:28,EXPORT_STORY,232
18:51:28,CREATE_STORY,7
18:51:28,UPDATE_STORY,12
18:51:28,DELETE_STORY,12
18:51:28,SEARCH_LABELS,4
18:51:28,SEARCH_STORIES,3
18:51:28,SEARCH_STORIES,31
18:51:28,EXPORT_STORY,208
18:51:28,CREATE_STORY,8
18:51:28,UPDATE_STORY,11
18:51:28,SEARCH_LABELS,3
18:51:28,DELETE_STORY,11
18:51:28,SEARCH_STORIES,3
18:51:28,SEARCH_STORIES,32
18:51:29,SEARCH_LABELS,5
18:51:29,SEARCH_STORIES,4
18:51:29,SEARCH_STORIES,42
18:51:29,EXPORT_STORY,234
18:51:29,CREATE_STORY,10
18:51:29,UPDATE_STORY,11
18:51:29,DELETE_STORY,12
18:51:29,EXPORT_STORY,215
18:51:29,CREATE_STORY,8
18:51:29,UPDATE_STORY,12
18:51:29,DELETE_STORY,11
18:51:29,SEARCH_LABELS,4
18:51:29,SEARCH_STORIES,3
18:51:29,SEARCH_STORIES,34
18:51:30,EXPORT_STORY,216
18:51:30,CREATE_STORY,8
18:51:30,UPDATE_STORY,13
18:51:30,DELETE_STORY,12
18:51:30,SEARCH_LABELS,4
18:51:30,SEARCH_STORIES,3
18:51:30,SEARCH_STORIES,32
18:51:30,EXPORT_STORY,212
18:51:30,CREATE_STORY,10
18:51:30,UPDATE_STORY,11
18:51:30,DELETE_STORY,12
18:51:30,SEARCH_LABELS,5
18:51:30,SEARCH_STORIES,3
