13:31:35,null,TEST START TIMESTAMP
13:31:36,REGISTER,1016
13:31:37,LOGIN,863
13:31:37,SEARCH_LABELS,4
13:31:37,SEARCH_STORIES,4
13:31:37,SEARCH_STORIES,65
13:31:38,EXPORT_STORY,280
13:31:38,CREATE_STORY,7
13:31:38,UPDATE_STORY,12
13:31:38,DELETE_STORY,16
13:31:38,REGISTER,929
13:31:39,LOGIN,868
13:31:39,SEARCH_LABELS,4
13:31:39,SEARCH_STORIES,4
13:31:39,SEARCH_STORIES,56
13:31:39,EXPORT_STORY,275
13:31:39,CREATE_STORY,7
13:31:39,UPDATE_STORY,11
13:31:40,DELETE_STORY,13
13:31:40,REGISTER,922
13:31:41,LOGIN,865
13:31:41,SEARCH_LABELS,5
13:31:41,SEARCH_STORIES,3
13:31:41,SEARCH_STORIES,45
13:31:41,EXPORT_STORY,281
13:31:41,CREATE_STORY,8
13:31:41,UPDATE_STORY,11
13:31:41,DELETE_STORY,11
13:31:42,REGISTER,921
13:31:43,LOGIN,867
13:31:43,SEARCH_LABELS,5
13:31:43,SEARCH_STORIES,2
13:31:43,SEARCH_STORIES,34
13:31:43,EXPORT_STORY,271
13:31:43,CREATE_STORY,7
13:31:43,UPDATE_STORY,11
13:31:43,DELETE_STORY,11
13:31:44,REGISTER,921
13:31:44,LOGIN,866
13:31:44,SEARCH_LABELS,4
13:31:44,SEARCH_STORIES,3
13:31:44,SEARCH_STORIES,34
13:31:45,EXPORT_STORY,284
13:31:45,CREATE_STORY,7
13:31:45,UPDATE_STORY,14
13:31:45,DELETE_STORY,14
13:31:45,REGISTER,926
13:31:46,LOGIN,867
13:31:46,SEARCH_LABELS,3
13:31:46,SEARCH_STORIES,3
13:31:46,SEARCH_STORIES,39
13:31:47,EXPORT_STORY,273
13:31:47,CREATE_STORY,8
13:31:47,UPDATE_STORY,12
13:31:47,DELETE_STORY,10
13:31:47,REGISTER,921
13:31:47,SEARCH_LABELS,10
13:31:47,SEARCH_STORIES,2
13:31:47,SEARCH_STORIES,34
13:31:48,EXPORT_STORY,273
13:31:48,CREATE_STORY,7
13:31:48,UPDATE_STORY,15
13:31:48,DELETE_STORY,11
13:31:48,LOGIN,923
13:31:48,SEARCH_LABELS,4
13:31:48,SEARCH_STORIES,3
13:31:48,SEARCH_STORIES,35
13:31:48,EXPORT_STORY,266
13:31:48,CREATE_STORY,7
13:31:48,UPDATE_STORY,12
13:31:48,DELETE_STORY,11
13:31:49,REGISTER,914
13:31:49,SEARCH_LABELS,10
13:31:49,SEARCH_STORIES,2
13:31:49,SEARCH_STORIES,32
13:31:49,EXPORT_STORY,270
13:31:49,CREATE_STORY,7
13:31:49,UPDATE_STORY,11
13:31:49,DELETE_STORY,10
13:31:50,LOGIN,924
13:31:50,SEARCH_LABELS,3
13:31:50,SEARCH_STORIES,3
13:31:50,SEARCH_STORIES,32
13:31:50,EXPORT_STORY,289
13:31:50,CREATE_STORY,6
13:31:50,UPDATE_STORY,13
13:31:50,DELETE_STORY,12
13:31:51,REGISTER,926
13:31:51,SEARCH_LABELS,6
13:31:51,SEARCH_STORIES,5
13:31:51,SEARCH_STORIES,34
13:31:51,EXPORT_STORY,299
13:31:51,CREATE_STORY,8
13:31:51,UPDATE_STORY,11
13:31:51,DELETE_STORY,11
13:31:52,LOGIN,921
13:31:52,SEARCH_LABELS,4
13:31:52,SEARCH_STORIES,2
13:31:52,SEARCH_STORIES,34
13:31:52,EXPORT_STORY,265
13:31:52,CREATE_STORY,6
13:31:52,UPDATE_STORY,11
13:31:52,DELETE_STORY,12
13:31:53,SEARCH_LABELS,3
13:31:53,SEARCH_STORIES,2
13:31:53,SEARCH_STORIES,30
13:31:53,REGISTER,933
13:31:53,EXPORT_STORY,304
13:31:53,CREATE_STORY,6
13:31:53,UPDATE_STORY,13
13:31:53,DELETE_STORY,10
13:31:54,LOGIN,914
13:31:54,SEARCH_LABELS,3
13:31:54,SEARCH_STORIES,3
13:31:54,SEARCH_STORIES,32
13:31:54,EXPORT_STORY,293
13:31:54,CREATE_STORY,7
13:31:54,UPDATE_STORY,12
13:31:54,DELETE_STORY,12
13:31:54,SEARCH_LABELS,3
13:31:54,SEARCH_STORIES,2
13:31:54,SEARCH_STORIES,30
13:31:54,REGISTER,933
13:31:55,EXPORT_STORY,287
13:31:55,CREATE_STORY,7
13:31:55,UPDATE_STORY,12
13:31:55,DELETE_STORY,11
13:31:55,LOGIN,909
13:31:55,SEARCH_LABELS,4
13:31:55,SEARCH_STORIES,2
13:31:55,SEARCH_STORIES,36
13:31:56,EXPORT_STORY,293
13:31:56,CREATE_STORY,8
13:31:56,UPDATE_STORY,13
13:31:56,DELETE_STORY,12
13:31:56,SEARCH_LABELS,3
13:31:56,SEARCH_STORIES,3
13:31:56,SEARCH_STORIES,33
13:31:56,REGISTER,937
13:31:57,EXPORT_STORY,292
13:31:57,CREATE_STORY,8
13:31:57,UPDATE_STORY,12
13:31:57,DELETE_STORY,11
13:31:57,SEARCH_LABELS,3
13:31:57,SEARCH_STORIES,3
13:31:57,LOGIN,918
13:31:57,SEARCH_STORIES,34
13:31:57,SEARCH_LABELS,6
13:31:57,SEARCH_STORIES,2
13:31:57,SEARCH_STORIES,30
13:31:58,EXPORT_STORY,381
13:31:58,CREATE_STORY,9
13:31:58,UPDATE_STORY,18
13:31:58,DELETE_STORY,14
13:31:58,EXPORT_STORY,403
13:31:58,CREATE_STORY,7
13:31:58,UPDATE_STORY,11
13:31:58,DELETE_STORY,11
13:31:58,SEARCH_LABELS,2
13:31:58,SEARCH_STORIES,2
13:31:58,SEARCH_STORIES,32
13:31:58,REGISTER,975
13:31:58,EXPORT_STORY,274
13:31:58,CREATE_STORY,7
13:31:58,UPDATE_STORY,10
13:31:58,DELETE_STORY,11
13:31:59,SEARCH_LABELS,3
13:31:59,SEARCH_STORIES,2
13:31:59,SEARCH_STORIES,33
13:31:59,LOGIN,904
13:31:59,SEARCH_LABELS,3
13:31:59,SEARCH_STORIES,3
13:31:59,SEARCH_STORIES,35
13:32:0,EXPORT_STORY,356
13:32:0,CREATE_STORY,9
13:32:0,UPDATE_STORY,14
13:32:0,DELETE_STORY,15
13:32:0,EXPORT_STORY,374
13:32:0,CREATE_STORY,6
13:32:0,UPDATE_STORY,12
13:32:0,DELETE_STORY,11
13:32:0,SEARCH_LABELS,3
13:32:0,SEARCH_STORIES,2
13:32:0,SEARCH_STORIES,31
13:32:0,REGISTER,989
13:32:0,EXPORT_STORY,289
13:32:0,CREATE_STORY,6
13:32:0,UPDATE_STORY,11
13:32:0,DELETE_STORY,10
13:32:1,SEARCH_LABELS,3
13:32:1,SEARCH_STORIES,2
13:32:1,SEARCH_STORIES,29
13:32:1,LOGIN,916
13:32:1,SEARCH_LABELS,4
13:32:1,SEARCH_STORIES,4
13:32:1,SEARCH_STORIES,50
13:32:1,EXPORT_STORY,319
13:32:1,CREATE_STORY,9
13:32:1,UPDATE_STORY,15
13:32:1,DELETE_STORY,23
13:32:2,EXPORT_STORY,336
13:32:2,CREATE_STORY,6
13:32:2,UPDATE_STORY,10
13:32:2,DELETE_STORY,11
13:32:2,SEARCH_LABELS,3
13:32:2,SEARCH_STORIES,2
13:32:2,SEARCH_STORIES,27
13:32:2,REGISTER,999
13:32:2,EXPORT_STORY,276
13:32:2,CREATE_STORY,6
13:32:2,UPDATE_STORY,11
13:32:2,DELETE_STORY,11
13:32:3,SEARCH_LABELS,3
13:32:3,SEARCH_STORIES,2
13:32:3,SEARCH_STORIES,35
13:32:3,LOGIN,919
13:32:3,SEARCH_LABELS,6
13:32:3,SEARCH_STORIES,6
13:32:3,SEARCH_STORIES,50
13:32:3,EXPORT_STORY,349
13:32:3,CREATE_STORY,6
13:32:3,UPDATE_STORY,12
13:32:3,DELETE_STORY,11
13:32:3,EXPORT_STORY,292
13:32:3,CREATE_STORY,7
13:32:3,UPDATE_STORY,10
13:32:3,DELETE_STORY,11
13:32:4,SEARCH_LABELS,3
13:32:4,SEARCH_STORIES,2
13:32:4,SEARCH_STORIES,34
13:32:4,REGISTER,997
13:32:4,EXPORT_STORY,285
13:32:4,CREATE_STORY,6
13:32:4,UPDATE_STORY,11
13:32:4,DELETE_STORY,11
13:32:4,SEARCH_LABELS,3
13:32:4,SEARCH_STORIES,2
13:32:4,SEARCH_STORIES,34
13:32:5,EXPORT_STORY,280
13:32:5,CREATE_STORY,7
13:32:5,UPDATE_STORY,13
13:32:5,DELETE_STORY,11
13:32:5,LOGIN,936
13:32:5,SEARCH_LABELS,3
13:32:5,SEARCH_STORIES,2
13:32:5,SEARCH_STORIES,37
13:32:5,EXPORT_STORY,287
13:32:5,CREATE_STORY,7
13:32:5,UPDATE_STORY,10
13:32:5,DELETE_STORY,11
13:32:5,SEARCH_LABELS,2
13:32:5,SEARCH_STORIES,2
13:32:5,SEARCH_STORIES,32
13:32:6,EXPORT_STORY,276
13:32:6,CREATE_STORY,7
13:32:6,UPDATE_STORY,12
13:32:6,DELETE_STORY,12
13:32:6,REGISTER,979
13:32:6,SEARCH_LABELS,3
13:32:6,SEARCH_STORIES,3
13:32:6,SEARCH_STORIES,35
13:32:7,EXPORT_STORY,287
13:32:7,CREATE_STORY,7
13:32:7,UPDATE_STORY,14
13:32:7,DELETE_STORY,11
13:32:7,LOGIN,918
13:32:7,SEARCH_LABELS,3
13:32:7,SEARCH_STORIES,2
13:32:7,SEARCH_STORIES,35
13:32:7,EXPORT_STORY,279
13:32:7,CREATE_STORY,6
13:32:7,SEARCH_LABELS,5
13:32:7,SEARCH_STORIES,2
13:32:7,UPDATE_STORY,17
13:32:7,DELETE_STORY,15
13:32:7,SEARCH_STORIES,34
13:32:7,SEARCH_LABELS,4
13:32:7,SEARCH_STORIES,2
13:32:7,SEARCH_STORIES,28
13:32:8,EXPORT_STORY,375
13:32:8,CREATE_STORY,8
13:32:8,UPDATE_STORY,15
13:32:8,DELETE_STORY,21
13:32:8,REGISTER,1017
13:32:8,EXPORT_STORY,413
13:32:8,CREATE_STORY,7
13:32:8,UPDATE_STORY,12
13:32:8,DELETE_STORY,10
13:32:8,SEARCH_LABELS,3
13:32:8,SEARCH_STORIES,2
13:32:8,SEARCH_STORIES,31
13:32:8,EXPORT_STORY,293
13:32:8,CREATE_STORY,7
13:32:8,UPDATE_STORY,10
13:32:8,DELETE_STORY,11
13:32:9,LOGIN,931
13:32:9,SEARCH_LABELS,3
13:32:9,SEARCH_STORIES,2
13:32:9,SEARCH_STORIES,31
13:32:9,SEARCH_LABELS,5
13:32:9,SEARCH_STORIES,6
13:32:9,SEARCH_STORIES,39
13:32:9,SEARCH_LABELS,5
13:32:9,SEARCH_STORIES,3
13:32:9,SEARCH_STORIES,41
13:32:9,EXPORT_STORY,333
13:32:9,CREATE_STORY,6
13:32:9,UPDATE_STORY,12
13:32:9,DELETE_STORY,14
13:32:10,EXPORT_STORY,388
13:32:10,CREATE_STORY,9
13:32:10,UPDATE_STORY,18
13:32:10,DELETE_STORY,15
13:32:10,EXPORT_STORY,382
13:32:10,CREATE_STORY,8
13:32:10,UPDATE_STORY,11
13:32:10,DELETE_STORY,11
13:32:10,REGISTER,1053
13:32:10,SEARCH_LABELS,3
13:32:10,SEARCH_STORIES,3
13:32:10,SEARCH_STORIES,29
13:32:10,EXPORT_STORY,282
13:32:10,CREATE_STORY,6
13:32:10,UPDATE_STORY,10
13:32:10,DELETE_STORY,11
13:32:11,LOGIN,918
13:32:11,SEARCH_LABELS,3
13:32:11,SEARCH_STORIES,3
13:32:11,SEARCH_STORIES,33
13:32:11,SEARCH_LABELS,3
13:32:11,SEARCH_STORIES,3
13:32:11,SEARCH_STORIES,26
13:32:11,SEARCH_LABELS,7
13:32:11,SEARCH_STORIES,4
13:32:11,SEARCH_STORIES,51
13:32:11,EXPORT_STORY,391
13:32:11,CREATE_STORY,13
13:32:11,UPDATE_STORY,15
13:32:11,DELETE_STORY,17
13:32:11,EXPORT_STORY,436
13:32:11,CREATE_STORY,9
13:32:11,UPDATE_STORY,16
13:32:11,DELETE_STORY,14
13:32:12,EXPORT_STORY,335
13:32:12,CREATE_STORY,6
13:32:12,UPDATE_STORY,11
13:32:12,DELETE_STORY,9
13:32:12,SEARCH_LABELS,3
13:32:12,SEARCH_STORIES,2
13:32:12,REGISTER,1010
13:32:12,SEARCH_STORIES,29
13:32:12,EXPORT_STORY,252
13:32:12,CREATE_STORY,6
13:32:12,UPDATE_STORY,15
13:32:12,DELETE_STORY,10
13:32:13,SEARCH_LABELS,3
13:32:13,SEARCH_STORIES,2
13:32:13,SEARCH_STORIES,24
13:32:13,LOGIN,904
13:32:13,SEARCH_LABELS,5
13:32:13,SEARCH_STORIES,3
13:32:13,SEARCH_STORIES,28
13:32:13,SEARCH_LABELS,7
13:32:13,SEARCH_STORIES,5
13:32:13,SEARCH_STORIES,57
13:32:13,EXPORT_STORY,387
13:32:13,CREATE_STORY,9
13:32:13,UPDATE_STORY,15
13:32:13,DELETE_STORY,15
13:32:13,EXPORT_STORY,413
13:32:13,CREATE_STORY,7
13:32:13,UPDATE_STORY,13
13:32:13,DELETE_STORY,14
13:32:13,EXPORT_STORY,259
13:32:13,CREATE_STORY,6
13:32:13,UPDATE_STORY,11
13:32:13,DELETE_STORY,13
13:32:14,SEARCH_LABELS,4
13:32:14,SEARCH_STORIES,2
13:32:14,SEARCH_STORIES,30
13:32:14,EXPORT_STORY,236
13:32:14,CREATE_STORY,7
13:32:14,UPDATE_STORY,9
13:32:14,DELETE_STORY,14
13:32:14,SEARCH_LABELS,3
13:32:14,SEARCH_STORIES,3
13:32:14,SEARCH_STORIES,28
13:32:15,EXPORT_STORY,238
13:32:15,CREATE_STORY,7
13:32:15,UPDATE_STORY,13
13:32:15,DELETE_STORY,12
13:32:15,SEARCH_LABELS,3
13:32:15,SEARCH_STORIES,2
13:32:15,SEARCH_STORIES,23
13:32:15,EXPORT_STORY,240
13:32:15,CREATE_STORY,7
13:32:15,UPDATE_STORY,12
13:32:15,DELETE_STORY,12
13:32:15,SEARCH_LABELS,3
13:32:15,SEARCH_STORIES,2
13:32:15,SEARCH_STORIES,30
13:32:16,EXPORT_STORY,234
13:32:16,CREATE_STORY,7
13:32:16,UPDATE_STORY,13
13:32:16,DELETE_STORY,13
13:32:16,SEARCH_LABELS,3
13:32:16,SEARCH_STORIES,3
13:32:16,SEARCH_STORIES,24
13:32:17,EXPORT_STORY,233
13:32:17,CREATE_STORY,7
13:32:17,UPDATE_STORY,12
13:32:17,DELETE_STORY,11
13:32:17,SEARCH_LABELS,3
13:32:17,SEARCH_STORIES,2
13:32:17,SEARCH_STORIES,30
13:32:17,EXPORT_STORY,229
13:32:17,CREATE_STORY,7
13:32:17,UPDATE_STORY,13
13:32:17,DELETE_STORY,10
13:32:17,SEARCH_LABELS,3
13:32:17,SEARCH_STORIES,2
13:32:17,SEARCH_STORIES,26
13:32:17,SEARCH_LABELS,3
13:32:17,SEARCH_STORIES,2
13:32:17,SEARCH_STORIES,27
13:32:18,EXPORT_STORY,358
13:32:18,CREATE_STORY,10
13:32:18,UPDATE_STORY,16
13:32:18,DELETE_STORY,15
13:32:18,EXPORT_STORY,370
13:32:18,CREATE_STORY,7
13:32:18,UPDATE_STORY,12
13:32:18,DELETE_STORY,10
13:32:18,SEARCH_LABELS,2
13:32:18,SEARCH_STORIES,2
13:32:18,SEARCH_STORIES,25
13:32:18,EXPORT_STORY,228
13:32:18,CREATE_STORY,6
13:32:18,UPDATE_STORY,13
13:32:18,DELETE_STORY,11
13:32:19,SEARCH_LABELS,3
13:32:19,SEARCH_STORIES,2
13:32:19,SEARCH_STORIES,24
13:32:19,SEARCH_LABELS,6
13:32:19,SEARCH_STORIES,3
13:32:19,SEARCH_STORIES,37
13:32:19,EXPORT_STORY,263
13:32:19,CREATE_STORY,7
13:32:19,SEARCH_LABELS,2
13:32:19,SEARCH_STORIES,2
13:32:19,UPDATE_STORY,14
13:32:19,DELETE_STORY,14
13:32:19,SEARCH_STORIES,36
13:32:20,EXPORT_STORY,337
13:32:20,CREATE_STORY,9
13:32:20,UPDATE_STORY,16
13:32:20,DELETE_STORY,14
13:32:20,EXPORT_STORY,334
13:32:20,CREATE_STORY,7
13:32:20,UPDATE_STORY,12
13:32:20,DELETE_STORY,10
13:32:20,SEARCH_LABELS,3
13:32:20,SEARCH_STORIES,2
13:32:20,SEARCH_STORIES,31
13:32:20,EXPORT_STORY,237
13:32:20,CREATE_STORY,7
13:32:20,UPDATE_STORY,10
13:32:20,DELETE_STORY,12
13:32:21,SEARCH_LABELS,4
13:32:21,SEARCH_STORIES,2
13:32:21,SEARCH_STORIES,25
13:32:21,SEARCH_LABELS,3
13:32:21,SEARCH_STORIES,2
13:32:21,SEARCH_STORIES,25
13:32:21,SEARCH_LABELS,7
13:32:21,SEARCH_STORIES,5
13:32:21,SEARCH_STORIES,52
13:32:21,EXPORT_STORY,408
13:32:21,CREATE_STORY,8
13:32:21,UPDATE_STORY,14
13:32:21,DELETE_STORY,13
13:32:21,EXPORT_STORY,424
13:32:21,CREATE_STORY,7
13:32:21,UPDATE_STORY,13
13:32:21,DELETE_STORY,12
13:32:22,EXPORT_STORY,313
13:32:22,CREATE_STORY,6
13:32:22,UPDATE_STORY,11
13:32:22,DELETE_STORY,11
13:32:22,SEARCH_LABELS,4
13:32:22,SEARCH_STORIES,2
13:32:22,SEARCH_STORIES,27
13:32:22,EXPORT_STORY,237
13:32:22,CREATE_STORY,7
13:32:22,UPDATE_STORY,11
13:32:22,DELETE_STORY,15
13:32:23,SEARCH_LABELS,3
13:32:23,SEARCH_STORIES,3
13:32:23,SEARCH_STORIES,22
13:32:23,SEARCH_LABELS,3
13:32:23,SEARCH_STORIES,5
13:32:23,SEARCH_STORIES,26
13:32:23,SEARCH_LABELS,6
13:32:23,SEARCH_STORIES,6
13:32:23,SEARCH_STORIES,62
13:32:23,EXPORT_STORY,373
13:32:23,CREATE_STORY,9
13:32:23,UPDATE_STORY,15
13:32:23,DELETE_STORY,13
13:32:23,EXPORT_STORY,400
13:32:23,CREATE_STORY,7
13:32:23,UPDATE_STORY,11
13:32:23,DELETE_STORY,11
13:32:23,EXPORT_STORY,246
13:32:23,CREATE_STORY,8
13:32:23,UPDATE_STORY,11
13:32:23,DELETE_STORY,11
13:32:24,SEARCH_LABELS,2
13:32:24,SEARCH_STORIES,3
13:32:24,SEARCH_STORIES,29
13:32:24,EXPORT_STORY,238
13:32:24,CREATE_STORY,8
13:32:24,UPDATE_STORY,11
13:32:24,DELETE_STORY,14
13:32:24,SEARCH_LABELS,3
13:32:24,SEARCH_STORIES,3
13:32:24,SEARCH_STORIES,26
13:32:25,EXPORT_STORY,240
13:32:25,CREATE_STORY,7
13:32:25,UPDATE_STORY,13
13:32:25,DELETE_STORY,10
13:32:25,SEARCH_LABELS,4
13:32:25,SEARCH_STORIES,2
13:32:25,SEARCH_STORIES,27
13:32:25,EXPORT_STORY,231
13:32:25,CREATE_STORY,8
13:32:25,UPDATE_STORY,11
13:32:25,DELETE_STORY,10
13:32:25,SEARCH_LABELS,3
13:32:25,SEARCH_STORIES,2
13:32:25,SEARCH_STORIES,27
13:32:26,EXPORT_STORY,237
13:32:26,CREATE_STORY,7
13:32:26,UPDATE_STORY,14
13:32:26,DELETE_STORY,11
13:32:26,SEARCH_LABELS,3
13:32:26,SEARCH_STORIES,3
13:32:26,SEARCH_STORIES,25
13:32:27,EXPORT_STORY,229
13:32:27,CREATE_STORY,7
13:32:27,UPDATE_STORY,13
13:32:27,DELETE_STORY,12
13:32:27,SEARCH_LABELS,3
13:32:27,SEARCH_STORIES,2
13:32:27,SEARCH_STORIES,28
13:32:27,EXPORT_STORY,221
13:32:27,CREATE_STORY,6
13:32:27,UPDATE_STORY,13
13:32:27,DELETE_STORY,11
13:32:27,SEARCH_LABELS,3
13:32:27,SEARCH_STORIES,2
13:32:27,SEARCH_STORIES,25
13:32:27,SEARCH_LABELS,3
13:32:27,SEARCH_STORIES,2
13:32:27,SEARCH_STORIES,24
13:32:28,EXPORT_STORY,351
13:32:28,CREATE_STORY,8
13:32:28,UPDATE_STORY,15
13:32:28,DELETE_STORY,13
13:32:28,EXPORT_STORY,359
13:32:28,CREATE_STORY,8
13:32:28,UPDATE_STORY,13
13:32:28,DELETE_STORY,10
13:32:28,SEARCH_LABELS,3
13:32:28,SEARCH_STORIES,2
13:32:28,SEARCH_STORIES,27
13:32:28,EXPORT_STORY,231
13:32:28,CREATE_STORY,8
13:32:28,UPDATE_STORY,11
13:32:28,DELETE_STORY,10
13:32:29,SEARCH_LABELS,3
13:32:29,SEARCH_STORIES,3
13:32:29,SEARCH_STORIES,31
13:32:29,SEARCH_LABELS,5
13:32:29,SEARCH_STORIES,3
13:32:29,SEARCH_STORIES,37
13:32:29,EXPORT_STORY,265
13:32:29,SEARCH_LABELS,3
13:32:29,SEARCH_STORIES,2
13:32:29,CREATE_STORY,6
13:32:29,UPDATE_STORY,15
13:32:29,DELETE_STORY,15
13:32:29,SEARCH_STORIES,33
13:32:29,EXPORT_STORY,315
13:32:29,CREATE_STORY,7
13:32:30,UPDATE_STORY,13
13:32:30,DELETE_STORY,15
13:32:30,EXPORT_STORY,347
13:32:30,CREATE_STORY,6
13:32:30,UPDATE_STORY,11
13:32:30,DELETE_STORY,10
13:32:30,SEARCH_LABELS,3
13:32:30,SEARCH_STORIES,3
13:32:30,SEARCH_STORIES,28
13:32:30,EXPORT_STORY,229
13:32:30,CREATE_STORY,7
13:32:30,UPDATE_STORY,11
13:32:30,DELETE_STORY,11
13:32:31,SEARCH_LABELS,3
13:32:31,SEARCH_STORIES,2
13:32:31,SEARCH_STORIES,28
13:32:31,SEARCH_LABELS,3
13:32:31,SEARCH_STORIES,3
13:32:31,SEARCH_STORIES,22
13:32:31,SEARCH_LABELS,7
13:32:31,SEARCH_STORIES,4
13:32:31,SEARCH_STORIES,51
13:32:31,EXPORT_STORY,335
13:32:31,CREATE_STORY,7
13:32:31,UPDATE_STORY,16
13:32:31,DELETE_STORY,14
13:32:31,EXPORT_STORY,382
13:32:31,CREATE_STORY,8
13:32:31,UPDATE_STORY,14
13:32:31,DELETE_STORY,15
13:32:32,EXPORT_STORY,288
13:32:32,CREATE_STORY,6
13:32:32,UPDATE_STORY,10
13:32:32,DELETE_STORY,12
13:32:32,SEARCH_LABELS,3
13:32:32,SEARCH_STORIES,2
13:32:32,SEARCH_STORIES,27
13:32:32,EXPORT_STORY,242
13:32:32,CREATE_STORY,6
13:32:32,UPDATE_STORY,13
13:32:32,DELETE_STORY,15
13:32:33,SEARCH_LABELS,3
13:32:33,SEARCH_STORIES,2
13:32:33,SEARCH_STORIES,24
13:32:33,SEARCH_LABELS,4
13:32:33,SEARCH_STORIES,2
13:32:33,SEARCH_STORIES,20
13:32:33,SEARCH_LABELS,5
13:32:33,SEARCH_STORIES,4
13:32:33,SEARCH_STORIES,59
13:32:33,EXPORT_STORY,380
13:32:33,CREATE_STORY,8
13:32:33,UPDATE_STORY,12
13:32:33,DELETE_STORY,14
13:32:33,EXPORT_STORY,404
13:32:33,CREATE_STORY,6
13:32:33,UPDATE_STORY,14
13:32:33,DELETE_STORY,12
13:32:33,EXPORT_STORY,254
13:32:33,CREATE_STORY,6
13:32:33,UPDATE_STORY,11
13:32:33,DELETE_STORY,12
13:32:34,SEARCH_LABELS,3
13:32:34,SEARCH_STORIES,2
13:32:34,SEARCH_STORIES,31
13:32:34,EXPORT_STORY,232
13:32:34,CREATE_STORY,8
13:32:34,UPDATE_STORY,11
13:32:34,DELETE_STORY,12
13:32:34,SEARCH_LABELS,3
13:32:34,SEARCH_STORIES,2
13:32:34,SEARCH_STORIES,23
13:32:35,EXPORT_STORY,236
13:32:35,CREATE_STORY,8
13:32:35,UPDATE_STORY,16
13:32:35,DELETE_STORY,11
13:32:35,SEARCH_LABELS,3
13:32:35,SEARCH_STORIES,2
13:32:35,SEARCH_STORIES,27
13:32:35,EXPORT_STORY,239
13:32:35,CREATE_STORY,6
13:32:35,UPDATE_STORY,10
13:32:35,DELETE_STORY,12
13:32:35,SEARCH_LABELS,2
13:32:35,SEARCH_STORIES,2
13:32:35,SEARCH_STORIES,28
13:32:36,EXPORT_STORY,230
13:32:36,CREATE_STORY,7
13:32:36,UPDATE_STORY,11
13:32:36,DELETE_STORY,12
13:32:36,SEARCH_LABELS,3
13:32:36,SEARCH_STORIES,3
13:32:36,SEARCH_STORIES,24
13:32:37,EXPORT_STORY,237
13:32:37,CREATE_STORY,7
13:32:37,UPDATE_STORY,11
13:32:37,DELETE_STORY,10
13:32:37,SEARCH_LABELS,3
13:32:37,SEARCH_STORIES,2
13:32:37,SEARCH_STORIES,34
13:32:37,EXPORT_STORY,227
13:32:37,CREATE_STORY,8
13:32:37,UPDATE_STORY,10
13:32:37,DELETE_STORY,10
13:32:37,SEARCH_LABELS,3
13:32:37,SEARCH_STORIES,2
13:32:37,SEARCH_STORIES,25
13:32:37,SEARCH_LABELS,3
13:32:37,SEARCH_STORIES,2
13:32:37,SEARCH_STORIES,24
13:32:38,EXPORT_STORY,345
13:32:38,CREATE_STORY,9
13:32:38,UPDATE_STORY,14
13:32:38,DELETE_STORY,13
13:32:38,EXPORT_STORY,358
13:32:38,CREATE_STORY,6
13:32:38,UPDATE_STORY,13
13:32:38,DELETE_STORY,11
13:32:38,SEARCH_LABELS,5
13:32:38,SEARCH_STORIES,3
13:32:38,SEARCH_STORIES,24
13:32:38,EXPORT_STORY,221
13:32:38,CREATE_STORY,7
13:32:38,UPDATE_STORY,11
13:32:38,DELETE_STORY,11
13:32:39,SEARCH_LABELS,3
13:32:39,SEARCH_STORIES,2
13:32:39,SEARCH_STORIES,26
13:32:39,SEARCH_LABELS,4
13:32:39,SEARCH_STORIES,3
13:32:39,SEARCH_STORIES,42
13:32:39,EXPORT_STORY,256
13:32:39,CREATE_STORY,6
13:32:39,SEARCH_LABELS,2
13:32:39,SEARCH_STORIES,2
13:32:39,UPDATE_STORY,13
13:32:39,DELETE_STORY,12
13:32:39,SEARCH_STORIES,30
13:32:39,EXPORT_STORY,316
13:32:40,CREATE_STORY,8
13:32:40,UPDATE_STORY,15
13:32:40,DELETE_STORY,19
13:32:40,EXPORT_STORY,329
13:32:40,CREATE_STORY,6
13:32:40,UPDATE_STORY,10
13:32:40,DELETE_STORY,11
13:32:40,SEARCH_LABELS,3
13:32:40,SEARCH_STORIES,2
13:32:40,SEARCH_STORIES,28
13:32:40,EXPORT_STORY,281
13:32:40,CREATE_STORY,7
13:32:40,UPDATE_STORY,11
13:32:40,DELETE_STORY,11
13:32:41,SEARCH_LABELS,3
13:32:41,SEARCH_STORIES,2
13:32:41,SEARCH_STORIES,24
13:32:41,SEARCH_LABELS,3
13:32:41,SEARCH_STORIES,2
13:32:41,SEARCH_STORIES,21
13:32:41,SEARCH_LABELS,3
13:32:41,SEARCH_STORIES,4
13:32:41,SEARCH_STORIES,45
13:32:41,EXPORT_STORY,367
13:32:41,CREATE_STORY,8
13:32:41,UPDATE_STORY,19
13:32:41,DELETE_STORY,17
13:32:41,EXPORT_STORY,388
13:32:41,CREATE_STORY,7
13:32:41,UPDATE_STORY,14
13:32:41,DELETE_STORY,13
13:32:42,EXPORT_STORY,297
13:32:42,CREATE_STORY,8
13:32:42,UPDATE_STORY,11
13:32:42,DELETE_STORY,12
13:32:42,SEARCH_LABELS,4
13:32:42,SEARCH_STORIES,2
13:32:42,SEARCH_STORIES,24
13:32:42,EXPORT_STORY,240
13:32:42,CREATE_STORY,6
13:32:42,UPDATE_STORY,11
13:32:42,DELETE_STORY,12
13:32:43,SEARCH_LABELS,3
13:32:43,SEARCH_STORIES,2
13:32:43,SEARCH_STORIES,24
13:32:43,SEARCH_LABELS,3
13:32:43,SEARCH_STORIES,3
13:32:43,SEARCH_STORIES,25
13:32:43,SEARCH_LABELS,5
13:32:43,SEARCH_STORIES,5
13:32:43,SEARCH_STORIES,50
13:32:43,EXPORT_STORY,369
13:32:43,CREATE_STORY,8
13:32:43,UPDATE_STORY,17
13:32:43,DELETE_STORY,15
13:32:43,EXPORT_STORY,400
13:32:43,CREATE_STORY,6
13:32:43,UPDATE_STORY,12
13:32:43,DELETE_STORY,18
13:32:43,EXPORT_STORY,258
13:32:43,CREATE_STORY,7
13:32:43,UPDATE_STORY,11
13:32:43,DELETE_STORY,11
13:32:44,SEARCH_LABELS,3
13:32:44,SEARCH_STORIES,2
13:32:44,SEARCH_STORIES,30
13:32:44,EXPORT_STORY,233
13:32:44,CREATE_STORY,6
13:32:44,UPDATE_STORY,11
13:32:44,DELETE_STORY,11
13:32:44,SEARCH_LABELS,3
13:32:44,SEARCH_STORIES,2
13:32:44,SEARCH_STORIES,24
13:32:45,EXPORT_STORY,233
13:32:45,CREATE_STORY,7
13:32:45,UPDATE_STORY,14
13:32:45,DELETE_STORY,11
13:32:45,SEARCH_LABELS,2
13:32:45,SEARCH_STORIES,2
13:32:45,SEARCH_STORIES,25
13:32:45,EXPORT_STORY,234
13:32:45,CREATE_STORY,8
13:32:45,UPDATE_STORY,13
13:32:45,DELETE_STORY,11
13:32:45,SEARCH_LABELS,2
13:32:45,SEARCH_STORIES,2
13:32:45,SEARCH_STORIES,25
13:32:46,EXPORT_STORY,232
13:32:46,CREATE_STORY,7
13:32:46,UPDATE_STORY,11
13:32:46,DELETE_STORY,11
13:32:46,SEARCH_LABELS,3
13:32:46,SEARCH_STORIES,2
13:32:46,SEARCH_STORIES,23
13:32:47,EXPORT_STORY,230
13:32:47,CREATE_STORY,7
13:32:47,UPDATE_STORY,12
13:32:47,DELETE_STORY,10
13:32:47,SEARCH_LABELS,3
13:32:47,SEARCH_STORIES,2
13:32:47,SEARCH_STORIES,29
13:32:47,EXPORT_STORY,229
13:32:47,CREATE_STORY,7
13:32:47,UPDATE_STORY,10
13:32:47,DELETE_STORY,11
13:32:47,SEARCH_LABELS,4
13:32:47,SEARCH_STORIES,2
13:32:47,SEARCH_STORIES,25
13:32:47,SEARCH_LABELS,3
13:32:47,SEARCH_STORIES,2
13:32:47,SEARCH_STORIES,23
13:32:48,EXPORT_STORY,345
13:32:48,CREATE_STORY,8
13:32:48,UPDATE_STORY,13
13:32:48,DELETE_STORY,15
13:32:48,EXPORT_STORY,359
13:32:48,CREATE_STORY,6
13:32:48,UPDATE_STORY,9
13:32:48,DELETE_STORY,11
13:32:48,SEARCH_LABELS,2
13:32:48,SEARCH_STORIES,3
13:32:48,SEARCH_STORIES,24
13:32:48,EXPORT_STORY,227
13:32:48,CREATE_STORY,7
13:32:48,UPDATE_STORY,11
13:32:48,DELETE_STORY,11
13:32:49,SEARCH_LABELS,3
13:32:49,SEARCH_STORIES,2
13:32:49,SEARCH_STORIES,22
13:32:49,SEARCH_LABELS,5
13:32:49,SEARCH_STORIES,3
13:32:49,SEARCH_STORIES,36
13:32:49,EXPORT_STORY,254
13:32:49,CREATE_STORY,6
13:32:49,UPDATE_STORY,11
13:32:49,SEARCH_LABELS,3
13:32:49,SEARCH_STORIES,2
13:32:49,DELETE_STORY,11
13:32:49,SEARCH_STORIES,29
13:32:49,EXPORT_STORY,313
13:32:49,CREATE_STORY,8
13:32:50,UPDATE_STORY,16
13:32:50,DELETE_STORY,17
13:32:50,EXPORT_STORY,326
13:32:50,CREATE_STORY,7
13:32:50,UPDATE_STORY,13
13:32:50,DELETE_STORY,11
13:32:50,SEARCH_LABELS,3
13:32:50,SEARCH_STORIES,2
13:32:50,SEARCH_STORIES,28
13:32:50,EXPORT_STORY,236
13:32:50,CREATE_STORY,6
13:32:50,UPDATE_STORY,12
13:32:50,DELETE_STORY,9
13:32:51,SEARCH_LABELS,3
13:32:51,SEARCH_STORIES,1
13:32:51,SEARCH_STORIES,27
13:32:51,SEARCH_LABELS,3
13:32:51,SEARCH_STORIES,2
13:32:51,SEARCH_STORIES,21
13:32:51,SEARCH_LABELS,6
13:32:51,SEARCH_STORIES,6
13:32:51,SEARCH_STORIES,47
13:32:51,EXPORT_STORY,384
13:32:51,CREATE_STORY,11
13:32:51,UPDATE_STORY,15
13:32:51,DELETE_STORY,14
13:32:51,EXPORT_STORY,419
13:32:51,CREATE_STORY,7
13:32:51,UPDATE_STORY,15
13:32:51,DELETE_STORY,14
13:32:52,EXPORT_STORY,309
13:32:52,CREATE_STORY,6
13:32:52,UPDATE_STORY,11
13:32:52,DELETE_STORY,11
13:32:52,SEARCH_LABELS,3
13:32:52,SEARCH_STORIES,2
13:32:52,SEARCH_STORIES,28
13:32:52,EXPORT_STORY,232
13:32:52,CREATE_STORY,7
13:32:52,UPDATE_STORY,10
13:32:52,DELETE_STORY,12
13:32:53,SEARCH_LABELS,3
13:32:53,SEARCH_STORIES,2
13:32:53,SEARCH_STORIES,28
13:32:53,SEARCH_LABELS,4
13:32:53,SEARCH_STORIES,2
13:32:53,SEARCH_STORIES,24
13:32:53,SEARCH_LABELS,6
13:32:53,SEARCH_STORIES,4
13:32:53,SEARCH_STORIES,52
13:32:53,EXPORT_STORY,364
13:32:53,CREATE_STORY,10
13:32:53,UPDATE_STORY,16
13:32:53,DELETE_STORY,16
13:32:53,EXPORT_STORY,401
13:32:53,CREATE_STORY,6
13:32:53,UPDATE_STORY,11
13:32:53,DELETE_STORY,11
13:32:53,EXPORT_STORY,254
13:32:53,CREATE_STORY,6
13:32:53,UPDATE_STORY,12
13:32:53,DELETE_STORY,11
13:32:54,SEARCH_LABELS,3
13:32:54,SEARCH_STORIES,2
13:32:54,SEARCH_STORIES,26
13:32:54,EXPORT_STORY,239
13:32:54,CREATE_STORY,8
13:32:54,UPDATE_STORY,12
13:32:54,DELETE_STORY,12
13:32:54,SEARCH_LABELS,3
13:32:54,SEARCH_STORIES,2
13:32:54,SEARCH_STORIES,24
13:32:55,EXPORT_STORY,228
13:32:55,CREATE_STORY,6
13:32:55,UPDATE_STORY,11
13:32:55,DELETE_STORY,11
13:32:55,SEARCH_LABELS,3
13:32:55,SEARCH_STORIES,2
13:32:55,SEARCH_STORIES,21
13:32:55,EXPORT_STORY,225
13:32:55,CREATE_STORY,6
13:32:55,UPDATE_STORY,12
13:32:55,DELETE_STORY,11
13:32:55,SEARCH_LABELS,3
13:32:55,SEARCH_STORIES,2
13:32:55,SEARCH_STORIES,26
13:32:56,EXPORT_STORY,237
13:32:56,CREATE_STORY,6
13:32:56,UPDATE_STORY,11
13:32:56,DELETE_STORY,11
13:32:56,SEARCH_LABELS,3
13:32:56,SEARCH_STORIES,2
13:32:56,SEARCH_STORIES,23
13:32:57,EXPORT_STORY,225
13:32:57,CREATE_STORY,7
13:32:57,UPDATE_STORY,13
13:32:57,DELETE_STORY,10
13:32:57,SEARCH_LABELS,2
13:32:57,SEARCH_STORIES,2
13:32:57,SEARCH_STORIES,28
13:32:57,EXPORT_STORY,222
13:32:57,CREATE_STORY,7
13:32:57,UPDATE_STORY,11
13:32:57,DELETE_STORY,11
13:32:57,SEARCH_LABELS,3
13:32:57,SEARCH_STORIES,1
13:32:57,SEARCH_STORIES,24
13:32:57,SEARCH_LABELS,3
13:32:57,SEARCH_STORIES,3
13:32:57,SEARCH_STORIES,22
13:32:58,EXPORT_STORY,354
13:32:58,CREATE_STORY,8
13:32:58,UPDATE_STORY,16
13:32:58,EXPORT_STORY,358
13:32:58,DELETE_STORY,14
13:32:58,CREATE_STORY,5
13:32:58,UPDATE_STORY,11
13:32:58,DELETE_STORY,12
13:32:58,SEARCH_LABELS,2
13:32:58,SEARCH_STORIES,1
13:32:58,SEARCH_STORIES,23
13:32:58,EXPORT_STORY,225
13:32:58,CREATE_STORY,6
13:32:58,UPDATE_STORY,13
13:32:58,DELETE_STORY,12
13:32:59,SEARCH_LABELS,3
13:32:59,SEARCH_STORIES,2
13:32:59,SEARCH_STORIES,26
13:32:59,SEARCH_LABELS,4
13:32:59,SEARCH_STORIES,5
13:32:59,SEARCH_STORIES,37
13:32:59,EXPORT_STORY,255
13:32:59,CREATE_STORY,6
13:32:59,SEARCH_LABELS,2
13:32:59,SEARCH_STORIES,2
13:32:59,UPDATE_STORY,12
13:32:59,DELETE_STORY,14
13:32:59,SEARCH_STORIES,31
13:32:59,EXPORT_STORY,306
13:32:59,CREATE_STORY,9
13:33:0,UPDATE_STORY,14
13:33:0,DELETE_STORY,15
13:33:0,EXPORT_STORY,321
13:33:0,CREATE_STORY,6
13:33:0,UPDATE_STORY,13
13:33:0,DELETE_STORY,11
13:33:0,SEARCH_LABELS,4
13:33:0,SEARCH_STORIES,2
13:33:0,SEARCH_STORIES,28
13:33:0,EXPORT_STORY,234
13:33:0,CREATE_STORY,7
13:33:0,UPDATE_STORY,11
13:33:0,DELETE_STORY,10
13:33:1,SEARCH_LABELS,3
13:33:1,SEARCH_STORIES,2
13:33:1,SEARCH_STORIES,23
13:33:1,SEARCH_LABELS,3
13:33:1,SEARCH_STORIES,2
13:33:1,SEARCH_STORIES,32
13:33:1,SEARCH_LABELS,6
13:33:1,SEARCH_STORIES,4
13:33:1,SEARCH_STORIES,49
13:33:1,EXPORT_STORY,357
13:33:1,CREATE_STORY,7
13:33:1,UPDATE_STORY,14
13:33:1,DELETE_STORY,22
13:33:1,EXPORT_STORY,387
13:33:1,CREATE_STORY,8
13:33:1,UPDATE_STORY,15
13:33:1,DELETE_STORY,14
13:33:2,EXPORT_STORY,296
13:33:2,CREATE_STORY,6
13:33:2,UPDATE_STORY,11
13:33:2,DELETE_STORY,11
13:33:2,SEARCH_LABELS,3
13:33:2,SEARCH_STORIES,1
13:33:2,SEARCH_STORIES,24
13:33:2,EXPORT_STORY,225
13:33:2,CREATE_STORY,7
13:33:2,UPDATE_STORY,11
13:33:2,DELETE_STORY,10
13:33:3,SEARCH_LABELS,2
13:33:3,SEARCH_STORIES,2
13:33:3,SEARCH_STORIES,22
13:33:3,SEARCH_LABELS,4
13:33:3,SEARCH_STORIES,3
13:33:3,SEARCH_STORIES,24
13:33:3,SEARCH_LABELS,7
13:33:3,SEARCH_STORIES,5
13:33:3,SEARCH_STORIES,58
13:33:3,EXPORT_STORY,378
13:33:3,CREATE_STORY,10
13:33:3,UPDATE_STORY,14
13:33:3,DELETE_STORY,15
13:33:3,EXPORT_STORY,402
13:33:3,CREATE_STORY,6
13:33:3,UPDATE_STORY,12
13:33:3,DELETE_STORY,14
13:33:3,EXPORT_STORY,257
13:33:3,CREATE_STORY,6
13:33:3,UPDATE_STORY,10
13:33:3,DELETE_STORY,11
13:33:4,SEARCH_LABELS,2
13:33:4,SEARCH_STORIES,1
13:33:4,SEARCH_STORIES,27
13:33:4,EXPORT_STORY,234
13:33:4,CREATE_STORY,7
13:33:4,UPDATE_STORY,10
13:33:4,DELETE_STORY,11
13:33:4,SEARCH_LABELS,3
13:33:4,SEARCH_STORIES,2
13:33:4,SEARCH_STORIES,25
13:33:5,EXPORT_STORY,225
13:33:5,CREATE_STORY,7
13:33:5,UPDATE_STORY,11
13:33:5,DELETE_STORY,10
13:33:5,SEARCH_LABELS,2
13:33:5,SEARCH_STORIES,1
13:33:5,SEARCH_STORIES,24
13:33:5,EXPORT_STORY,236
13:33:5,CREATE_STORY,7
13:33:5,UPDATE_STORY,11
13:33:5,DELETE_STORY,11
13:33:5,SEARCH_LABELS,3
13:33:5,SEARCH_STORIES,2
13:33:5,SEARCH_STORIES,24
13:33:6,EXPORT_STORY,230
13:33:6,CREATE_STORY,5
13:33:6,UPDATE_STORY,11
13:33:6,DELETE_STORY,12
13:33:6,SEARCH_LABELS,3
13:33:6,SEARCH_STORIES,2
13:33:6,SEARCH_STORIES,24
13:33:7,EXPORT_STORY,231
13:33:7,CREATE_STORY,7
13:33:7,UPDATE_STORY,11
13:33:7,DELETE_STORY,12
13:33:7,SEARCH_LABELS,2
13:33:7,SEARCH_STORIES,2
13:33:7,SEARCH_STORIES,33
13:33:7,EXPORT_STORY,227
13:33:7,CREATE_STORY,5
13:33:7,UPDATE_STORY,11
13:33:7,DELETE_STORY,10
13:33:7,SEARCH_LABELS,3
13:33:7,SEARCH_STORIES,1
13:33:7,SEARCH_STORIES,25
13:33:7,SEARCH_LABELS,3
13:33:7,SEARCH_STORIES,2
13:33:7,SEARCH_STORIES,25
13:33:8,EXPORT_STORY,358
13:33:8,CREATE_STORY,8
13:33:8,UPDATE_STORY,14
13:33:8,EXPORT_STORY,351
13:33:8,CREATE_STORY,8
13:33:8,DELETE_STORY,13
13:33:8,UPDATE_STORY,11
13:33:8,DELETE_STORY,12
13:33:8,SEARCH_LABELS,2
13:33:8,SEARCH_STORIES,2
13:33:8,SEARCH_STORIES,27
13:33:8,EXPORT_STORY,234
13:33:8,CREATE_STORY,8
13:33:8,UPDATE_STORY,13
13:33:8,DELETE_STORY,10
13:33:9,SEARCH_LABELS,3
13:33:9,SEARCH_STORIES,2
13:33:9,SEARCH_STORIES,23
13:33:9,SEARCH_LABELS,4
13:33:9,SEARCH_STORIES,3
13:33:9,SEARCH_STORIES,42
13:33:9,EXPORT_STORY,260
13:33:9,CREATE_STORY,6
13:33:9,SEARCH_LABELS,3
13:33:9,UPDATE_STORY,10
13:33:9,SEARCH_STORIES,2
13:33:9,DELETE_STORY,13
13:33:9,SEARCH_STORIES,28
13:33:9,EXPORT_STORY,317
13:33:9,CREATE_STORY,8
13:33:10,UPDATE_STORY,14
13:33:10,DELETE_STORY,14
13:33:10,EXPORT_STORY,331
13:33:10,CREATE_STORY,6
13:33:10,UPDATE_STORY,11
13:33:10,DELETE_STORY,10
13:33:10,SEARCH_LABELS,3
13:33:10,SEARCH_STORIES,2
13:33:10,SEARCH_STORIES,25
13:33:10,EXPORT_STORY,224
13:33:10,CREATE_STORY,6
13:33:10,UPDATE_STORY,11
13:33:10,DELETE_STORY,12
13:33:11,SEARCH_LABELS,3
13:33:11,SEARCH_STORIES,2
13:33:11,SEARCH_STORIES,23
13:33:11,SEARCH_LABELS,3
13:33:11,SEARCH_STORIES,1
13:33:11,SEARCH_STORIES,22
13:33:11,SEARCH_LABELS,6
13:33:11,SEARCH_STORIES,6
13:33:11,SEARCH_STORIES,49
13:33:11,EXPORT_STORY,368
13:33:11,CREATE_STORY,7
13:33:11,UPDATE_STORY,13
13:33:11,DELETE_STORY,16
13:33:11,EXPORT_STORY,403
13:33:11,CREATE_STORY,7
13:33:11,UPDATE_STORY,16
13:33:11,DELETE_STORY,12
13:33:12,EXPORT_STORY,305
13:33:12,CREATE_STORY,6
13:33:12,UPDATE_STORY,10
13:33:12,DELETE_STORY,33
13:33:12,SEARCH_LABELS,2
13:33:12,SEARCH_STORIES,2
13:33:12,SEARCH_STORIES,24
13:33:12,EXPORT_STORY,222
13:33:12,CREATE_STORY,9
13:33:12,UPDATE_STORY,11
13:33:12,DELETE_STORY,13
13:33:13,SEARCH_LABELS,3
13:33:13,SEARCH_STORIES,2
13:33:13,SEARCH_STORIES,24
13:33:13,SEARCH_LABELS,3
13:33:13,SEARCH_STORIES,2
13:33:13,SEARCH_STORIES,24
13:33:13,SEARCH_LABELS,6
13:33:13,SEARCH_STORIES,4
13:33:13,SEARCH_STORIES,51
13:33:13,EXPORT_STORY,372
13:33:13,CREATE_STORY,9
13:33:13,UPDATE_STORY,17
13:33:13,DELETE_STORY,15
13:33:13,EXPORT_STORY,398
13:33:13,CREATE_STORY,7
13:33:13,UPDATE_STORY,14
13:33:13,DELETE_STORY,12
13:33:13,EXPORT_STORY,265
13:33:13,CREATE_STORY,6
13:33:13,UPDATE_STORY,12
13:33:13,DELETE_STORY,10
13:33:14,SEARCH_LABELS,4
13:33:14,SEARCH_STORIES,1
13:33:14,SEARCH_STORIES,25
13:33:14,EXPORT_STORY,235
13:33:14,CREATE_STORY,6
13:33:14,UPDATE_STORY,10
13:33:14,DELETE_STORY,11
13:33:14,SEARCH_LABELS,3
13:33:14,SEARCH_STORIES,2
13:33:14,SEARCH_STORIES,23
13:33:15,EXPORT_STORY,225
13:33:15,CREATE_STORY,6
13:33:15,UPDATE_STORY,12
13:33:15,DELETE_STORY,10
13:33:15,SEARCH_LABELS,2
13:33:15,SEARCH_STORIES,1
13:33:15,SEARCH_STORIES,25
13:33:15,EXPORT_STORY,233
13:33:15,CREATE_STORY,6
13:33:15,UPDATE_STORY,12
13:33:15,DELETE_STORY,14
13:33:15,SEARCH_LABELS,3
13:33:15,SEARCH_STORIES,1
13:33:15,SEARCH_STORIES,22
13:33:16,EXPORT_STORY,231
13:33:16,CREATE_STORY,7
13:33:16,UPDATE_STORY,11
13:33:16,DELETE_STORY,11
13:33:16,SEARCH_LABELS,3
13:33:16,SEARCH_STORIES,2
13:33:16,SEARCH_STORIES,24
13:33:17,EXPORT_STORY,234
13:33:17,CREATE_STORY,8
13:33:17,UPDATE_STORY,12
13:33:17,DELETE_STORY,9
13:33:17,SEARCH_LABELS,3
13:33:17,SEARCH_STORIES,1
13:33:17,SEARCH_STORIES,24
13:33:17,EXPORT_STORY,222
13:33:17,CREATE_STORY,6
13:33:17,UPDATE_STORY,10
13:33:17,DELETE_STORY,10
13:33:17,SEARCH_LABELS,3
13:33:17,SEARCH_STORIES,1
13:33:17,SEARCH_STORIES,23
13:33:17,SEARCH_LABELS,3
13:33:17,SEARCH_STORIES,1
13:33:17,SEARCH_STORIES,26
13:33:18,EXPORT_STORY,351
13:33:18,CREATE_STORY,8
13:33:18,UPDATE_STORY,14
13:33:18,DELETE_STORY,12
13:33:18,EXPORT_STORY,355
13:33:18,CREATE_STORY,7
13:33:18,UPDATE_STORY,13
13:33:18,DELETE_STORY,11
13:33:18,SEARCH_LABELS,2
13:33:18,SEARCH_STORIES,2
13:33:18,SEARCH_STORIES,24
13:33:18,EXPORT_STORY,232
13:33:18,CREATE_STORY,6
13:33:18,UPDATE_STORY,10
13:33:18,DELETE_STORY,11
13:33:19,SEARCH_LABELS,3
13:33:19,SEARCH_STORIES,2
13:33:19,SEARCH_STORIES,21
13:33:19,SEARCH_LABELS,3
13:33:19,SEARCH_STORIES,3
13:33:19,SEARCH_STORIES,36
13:33:19,EXPORT_STORY,268
13:33:19,CREATE_STORY,5
13:33:19,SEARCH_LABELS,2
13:33:19,SEARCH_STORIES,2
13:33:19,UPDATE_STORY,13
13:33:19,DELETE_STORY,13
13:33:19,SEARCH_STORIES,33
13:33:19,EXPORT_STORY,316
13:33:19,CREATE_STORY,7
13:33:20,UPDATE_STORY,15
13:33:20,DELETE_STORY,13
13:33:20,EXPORT_STORY,324
13:33:20,CREATE_STORY,6
13:33:20,UPDATE_STORY,11
13:33:20,DELETE_STORY,10
13:33:20,SEARCH_LABELS,3
13:33:20,SEARCH_STORIES,2
13:33:20,SEARCH_STORIES,28
13:33:20,EXPORT_STORY,225
13:33:20,CREATE_STORY,6
13:33:20,UPDATE_STORY,13
13:33:20,DELETE_STORY,11
13:33:21,SEARCH_LABELS,3
13:33:21,SEARCH_STORIES,2
13:33:21,SEARCH_STORIES,26
13:33:21,SEARCH_LABELS,3
13:33:21,SEARCH_STORIES,2
13:33:21,SEARCH_STORIES,25
13:33:21,SEARCH_LABELS,5
13:33:21,SEARCH_STORIES,4
13:33:21,SEARCH_STORIES,48
13:33:21,EXPORT_STORY,358
13:33:21,CREATE_STORY,7
13:33:21,UPDATE_STORY,15
13:33:21,DELETE_STORY,15
13:33:21,EXPORT_STORY,403
13:33:21,CREATE_STORY,8
13:33:21,UPDATE_STORY,15
13:33:21,DELETE_STORY,13
13:33:22,EXPORT_STORY,294
13:33:22,CREATE_STORY,6
13:33:22,UPDATE_STORY,11
13:33:22,DELETE_STORY,9
13:33:22,SEARCH_LABELS,3
13:33:22,SEARCH_STORIES,3
13:33:22,SEARCH_STORIES,23
13:33:22,EXPORT_STORY,229
13:33:22,CREATE_STORY,7
13:33:22,UPDATE_STORY,10
13:33:22,DELETE_STORY,11
13:33:23,SEARCH_LABELS,3
13:33:23,SEARCH_STORIES,2
13:33:23,SEARCH_STORIES,27
13:33:23,SEARCH_LABELS,4
13:33:23,SEARCH_STORIES,2
13:33:23,SEARCH_STORIES,20
13:33:23,SEARCH_LABELS,5
13:33:23,SEARCH_STORIES,4
13:33:23,SEARCH_STORIES,52
13:33:23,EXPORT_STORY,370
13:33:23,CREATE_STORY,8
13:33:23,UPDATE_STORY,18
13:33:23,DELETE_STORY,13
13:33:23,EXPORT_STORY,403
13:33:23,CREATE_STORY,6
13:33:23,UPDATE_STORY,11
13:33:23,DELETE_STORY,10
13:33:23,EXPORT_STORY,251
13:33:23,CREATE_STORY,6
13:33:23,UPDATE_STORY,10
13:33:23,DELETE_STORY,10
13:33:24,SEARCH_LABELS,3
13:33:24,SEARCH_STORIES,2
13:33:24,SEARCH_STORIES,27
13:33:24,EXPORT_STORY,236
13:33:24,CREATE_STORY,7
13:33:24,UPDATE_STORY,11
13:33:24,DELETE_STORY,10
13:33:24,SEARCH_LABELS,4
13:33:24,SEARCH_STORIES,2
13:33:24,SEARCH_STORIES,22
13:33:25,EXPORT_STORY,237
13:33:25,CREATE_STORY,7
13:33:25,UPDATE_STORY,10
13:33:25,DELETE_STORY,10
13:33:25,SEARCH_LABELS,3
13:33:25,SEARCH_STORIES,2
13:33:25,SEARCH_STORIES,23
13:33:25,EXPORT_STORY,227
13:33:25,CREATE_STORY,6
13:33:25,UPDATE_STORY,10
13:33:25,DELETE_STORY,10
13:33:25,SEARCH_LABELS,3
13:33:25,SEARCH_STORIES,2
13:33:25,SEARCH_STORIES,24
13:33:26,EXPORT_STORY,234
13:33:26,CREATE_STORY,6
13:33:26,UPDATE_STORY,10
13:33:26,DELETE_STORY,12
13:33:26,SEARCH_LABELS,3
13:33:26,SEARCH_STORIES,2
13:33:26,SEARCH_STORIES,23
13:33:27,EXPORT_STORY,235
13:33:27,CREATE_STORY,9
13:33:27,UPDATE_STORY,11
13:33:27,DELETE_STORY,11
13:33:27,SEARCH_LABELS,2
13:33:27,SEARCH_STORIES,2
13:33:27,SEARCH_STORIES,26
13:33:27,EXPORT_STORY,226
13:33:27,CREATE_STORY,6
13:33:27,UPDATE_STORY,10
13:33:27,DELETE_STORY,11
13:33:27,SEARCH_LABELS,3
13:33:27,SEARCH_STORIES,2
13:33:27,SEARCH_STORIES,24
13:33:27,SEARCH_LABELS,3
13:33:27,SEARCH_STORIES,2
13:33:27,SEARCH_STORIES,24
13:33:28,EXPORT_STORY,340
13:33:28,CREATE_STORY,10
13:33:28,UPDATE_STORY,11
13:33:28,DELETE_STORY,17
13:33:28,EXPORT_STORY,357
13:33:28,CREATE_STORY,6
13:33:28,UPDATE_STORY,29
13:33:28,DELETE_STORY,10
13:33:28,SEARCH_LABELS,2
13:33:28,SEARCH_STORIES,2
13:33:28,SEARCH_STORIES,23
13:33:28,EXPORT_STORY,234
13:33:28,CREATE_STORY,6
13:33:28,UPDATE_STORY,10
13:33:28,DELETE_STORY,10
13:33:29,SEARCH_LABELS,3
13:33:29,SEARCH_STORIES,2
13:33:29,SEARCH_STORIES,23
13:33:29,SEARCH_LABELS,4
13:33:29,SEARCH_STORIES,3
13:33:29,SEARCH_STORIES,35
13:33:29,EXPORT_STORY,250
13:33:29,CREATE_STORY,7
13:33:29,UPDATE_STORY,10
13:33:29,SEARCH_LABELS,3
13:33:29,SEARCH_STORIES,2
13:33:29,DELETE_STORY,11
13:33:29,SEARCH_STORIES,29
13:33:30,EXPORT_STORY,337
13:33:30,CREATE_STORY,8
13:33:30,UPDATE_STORY,16
13:33:30,DELETE_STORY,13
13:33:30,EXPORT_STORY,334
13:33:30,CREATE_STORY,7
13:33:30,UPDATE_STORY,10
13:33:30,DELETE_STORY,13
13:33:30,SEARCH_LABELS,2
13:33:30,SEARCH_STORIES,2
13:33:30,SEARCH_STORIES,30
13:33:30,EXPORT_STORY,233
13:33:30,CREATE_STORY,7
13:33:30,UPDATE_STORY,10
13:33:30,DELETE_STORY,11
13:33:31,SEARCH_LABELS,3
13:33:31,SEARCH_STORIES,2
13:33:31,SEARCH_STORIES,25
13:33:31,SEARCH_LABELS,3
13:33:31,SEARCH_STORIES,2
13:33:31,SEARCH_STORIES,21
13:33:31,SEARCH_LABELS,5
13:33:31,SEARCH_STORIES,3
13:33:31,SEARCH_STORIES,51
13:33:31,EXPORT_STORY,351
13:33:31,CREATE_STORY,9
13:33:31,UPDATE_STORY,13
13:33:31,DELETE_STORY,21
13:33:31,EXPORT_STORY,392
13:33:31,CREATE_STORY,7
13:33:31,UPDATE_STORY,15
13:33:31,DELETE_STORY,12
13:33:32,EXPORT_STORY,299
13:33:32,CREATE_STORY,6
13:33:32,UPDATE_STORY,10
13:33:32,DELETE_STORY,12
13:33:32,SEARCH_LABELS,2
13:33:32,SEARCH_STORIES,2
13:33:32,SEARCH_STORIES,26
13:33:32,EXPORT_STORY,232
13:33:32,CREATE_STORY,8
13:33:32,UPDATE_STORY,10
13:33:32,DELETE_STORY,11
13:33:33,SEARCH_LABELS,3
13:33:33,SEARCH_STORIES,1
13:33:33,SEARCH_STORIES,25
13:33:33,SEARCH_LABELS,3
13:33:33,SEARCH_STORIES,2
13:33:33,SEARCH_STORIES,24
13:33:33,SEARCH_LABELS,4
13:33:33,SEARCH_STORIES,2
13:33:33,SEARCH_STORIES,53
13:33:33,EXPORT_STORY,384
13:33:33,CREATE_STORY,8
13:33:33,UPDATE_STORY,13
13:33:33,EXPORT_STORY,391
13:33:33,DELETE_STORY,15
13:33:33,CREATE_STORY,6
13:33:33,UPDATE_STORY,10
13:33:33,DELETE_STORY,10
13:33:33,EXPORT_STORY,252
13:33:33,CREATE_STORY,7
13:33:33,UPDATE_STORY,10
13:33:33,DELETE_STORY,14
13:33:34,SEARCH_LABELS,3
13:33:34,SEARCH_STORIES,2
13:33:34,SEARCH_STORIES,28
13:33:34,EXPORT_STORY,230
13:33:34,CREATE_STORY,6
13:33:34,UPDATE_STORY,14
13:33:34,DELETE_STORY,10
13:33:34,SEARCH_LABELS,3
13:33:34,SEARCH_STORIES,2
13:33:34,SEARCH_STORIES,23
13:33:35,EXPORT_STORY,222
13:33:35,CREATE_STORY,7
13:33:35,UPDATE_STORY,11
13:33:35,DELETE_STORY,13
13:33:35,SEARCH_LABELS,2
13:33:35,SEARCH_STORIES,1
13:33:35,SEARCH_STORIES,27
13:33:35,EXPORT_STORY,233
13:33:35,CREATE_STORY,6
13:33:35,UPDATE_STORY,11
13:33:35,DELETE_STORY,13
13:33:35,SEARCH_LABELS,2
13:33:35,SEARCH_STORIES,2
13:33:35,SEARCH_STORIES,34
13:33:36,EXPORT_STORY,228
13:33:36,CREATE_STORY,6
13:33:36,UPDATE_STORY,12
13:33:36,DELETE_STORY,9
13:33:36,SEARCH_LABELS,3
13:33:36,SEARCH_STORIES,1
13:33:36,SEARCH_STORIES,28
13:33:37,EXPORT_STORY,233
13:33:37,CREATE_STORY,6
13:33:37,UPDATE_STORY,10
13:33:37,DELETE_STORY,12
13:33:37,SEARCH_LABELS,2
13:33:37,SEARCH_STORIES,2
13:33:37,SEARCH_STORIES,23
13:33:37,EXPORT_STORY,225
13:33:37,CREATE_STORY,6
13:33:37,UPDATE_STORY,11
13:33:37,DELETE_STORY,11
13:33:37,SEARCH_LABELS,3
13:33:37,SEARCH_STORIES,1
13:33:37,SEARCH_STORIES,31
13:33:37,SEARCH_LABELS,3
13:33:37,SEARCH_STORIES,2
13:33:37,SEARCH_STORIES,21
13:33:38,EXPORT_STORY,351
13:33:38,CREATE_STORY,7
13:33:38,UPDATE_STORY,17
13:33:38,DELETE_STORY,13
13:33:38,EXPORT_STORY,370
13:33:38,CREATE_STORY,6
13:33:38,UPDATE_STORY,10
13:33:38,DELETE_STORY,14
13:33:38,SEARCH_LABELS,2
13:33:38,SEARCH_STORIES,2
13:33:38,SEARCH_STORIES,26
13:33:38,EXPORT_STORY,227
13:33:38,CREATE_STORY,7
13:33:38,UPDATE_STORY,10
13:33:38,DELETE_STORY,11
13:33:39,SEARCH_LABELS,3
13:33:39,SEARCH_STORIES,2
13:33:39,SEARCH_STORIES,27
13:33:39,SEARCH_LABELS,5
13:33:39,SEARCH_STORIES,3
13:33:39,SEARCH_STORIES,37
13:33:39,EXPORT_STORY,247
13:33:39,CREATE_STORY,8
13:33:39,UPDATE_STORY,12
13:33:39,SEARCH_LABELS,2
13:33:39,SEARCH_STORIES,2
13:33:39,DELETE_STORY,10
13:33:39,SEARCH_STORIES,30
13:33:39,EXPORT_STORY,314
13:33:39,CREATE_STORY,7
13:33:40,UPDATE_STORY,13
13:33:40,DELETE_STORY,13
13:33:40,EXPORT_STORY,322
13:33:40,CREATE_STORY,6
13:33:40,UPDATE_STORY,12
13:33:40,DELETE_STORY,11
13:33:40,SEARCH_LABELS,3
13:33:40,SEARCH_STORIES,2
13:33:40,SEARCH_STORIES,22
13:33:40,EXPORT_STORY,224
13:33:40,CREATE_STORY,6
13:33:40,UPDATE_STORY,11
13:33:40,DELETE_STORY,11
13:33:41,SEARCH_LABELS,3
13:33:41,SEARCH_STORIES,2
13:33:41,SEARCH_STORIES,25
13:33:41,SEARCH_LABELS,3
13:33:41,SEARCH_STORIES,2
13:33:41,SEARCH_STORIES,28
13:33:41,SEARCH_LABELS,5
13:33:41,SEARCH_STORIES,4
13:33:41,SEARCH_STORIES,63
13:33:41,EXPORT_STORY,384
13:33:41,CREATE_STORY,11
13:33:41,UPDATE_STORY,14
13:33:41,DELETE_STORY,14
13:33:41,EXPORT_STORY,418
13:33:41,CREATE_STORY,7
13:33:41,UPDATE_STORY,14
13:33:41,DELETE_STORY,12
13:33:42,EXPORT_STORY,300
13:33:42,CREATE_STORY,6
13:33:42,UPDATE_STORY,11
13:33:42,DELETE_STORY,13
13:33:42,SEARCH_LABELS,3
13:33:42,SEARCH_STORIES,2
13:33:42,SEARCH_STORIES,26
13:33:42,EXPORT_STORY,232
13:33:42,CREATE_STORY,7
13:33:42,UPDATE_STORY,11
13:33:42,DELETE_STORY,11
13:33:43,SEARCH_LABELS,3
13:33:43,SEARCH_STORIES,2
13:33:43,SEARCH_STORIES,25
13:33:43,SEARCH_LABELS,4
13:33:43,SEARCH_STORIES,3
13:33:43,SEARCH_STORIES,25
13:33:43,SEARCH_LABELS,6
13:33:43,SEARCH_STORIES,4
13:33:43,SEARCH_STORIES,46
13:33:43,EXPORT_STORY,378
13:33:43,CREATE_STORY,9
13:33:43,UPDATE_STORY,20
13:33:43,DELETE_STORY,15
13:33:43,EXPORT_STORY,399
13:33:43,CREATE_STORY,9
13:33:43,UPDATE_STORY,13
13:33:43,DELETE_STORY,13
13:33:43,EXPORT_STORY,266
13:33:43,CREATE_STORY,8
13:33:43,UPDATE_STORY,11
13:33:43,DELETE_STORY,12
13:33:44,SEARCH_LABELS,2
13:33:44,SEARCH_STORIES,1
13:33:44,SEARCH_STORIES,27
13:33:44,EXPORT_STORY,236
13:33:44,CREATE_STORY,6
13:33:44,UPDATE_STORY,13
13:33:44,DELETE_STORY,15
13:33:44,SEARCH_LABELS,3
13:33:44,SEARCH_STORIES,2
13:33:44,SEARCH_STORIES,24
13:33:45,EXPORT_STORY,227
13:33:45,CREATE_STORY,7
13:33:45,UPDATE_STORY,11
13:33:45,DELETE_STORY,11
13:33:45,SEARCH_LABELS,2
13:33:45,SEARCH_STORIES,2
13:33:45,SEARCH_STORIES,22
13:33:45,EXPORT_STORY,231
13:33:45,CREATE_STORY,8
13:33:45,UPDATE_STORY,11
13:33:45,DELETE_STORY,11
13:33:45,SEARCH_LABELS,2
13:33:45,SEARCH_STORIES,1
13:33:45,SEARCH_STORIES,25
13:33:46,EXPORT_STORY,232
13:33:46,CREATE_STORY,7
13:33:46,UPDATE_STORY,11
13:33:46,DELETE_STORY,13
13:33:46,SEARCH_LABELS,3
13:33:46,SEARCH_STORIES,2
13:33:46,SEARCH_STORIES,31
13:33:47,EXPORT_STORY,239
13:33:47,CREATE_STORY,8
13:33:47,UPDATE_STORY,11
13:33:47,DELETE_STORY,12
13:33:47,SEARCH_LABELS,3
13:33:47,SEARCH_STORIES,1
13:33:47,SEARCH_STORIES,25
13:33:47,EXPORT_STORY,227
13:33:47,CREATE_STORY,7
13:33:47,UPDATE_STORY,13
13:33:47,DELETE_STORY,10
13:33:47,SEARCH_LABELS,3
13:33:47,SEARCH_STORIES,2
13:33:47,SEARCH_STORIES,25
13:33:47,SEARCH_LABELS,3
13:33:47,SEARCH_STORIES,2
13:33:47,SEARCH_STORIES,25
13:33:48,EXPORT_STORY,342
13:33:48,CREATE_STORY,10
13:33:48,UPDATE_STORY,16
13:33:48,DELETE_STORY,14
13:33:48,EXPORT_STORY,363
13:33:48,CREATE_STORY,6
13:33:48,UPDATE_STORY,11
13:33:48,DELETE_STORY,13
13:33:48,SEARCH_LABELS,3
13:33:48,SEARCH_STORIES,2
13:33:48,SEARCH_STORIES,24
13:33:48,EXPORT_STORY,232
13:33:48,CREATE_STORY,6
13:33:48,UPDATE_STORY,10
13:33:48,DELETE_STORY,10
13:33:49,SEARCH_LABELS,3
13:33:49,SEARCH_STORIES,2
13:33:49,SEARCH_STORIES,25
13:33:49,SEARCH_LABELS,4
13:33:49,SEARCH_STORIES,3
13:33:49,SEARCH_STORIES,39
13:33:49,EXPORT_STORY,247
13:33:49,CREATE_STORY,7
13:33:49,UPDATE_STORY,11
13:33:49,SEARCH_LABELS,2
13:33:49,DELETE_STORY,10
13:33:49,SEARCH_STORIES,2
13:33:49,SEARCH_STORIES,33
13:33:49,EXPORT_STORY,304
13:33:49,CREATE_STORY,7
13:33:49,UPDATE_STORY,14
13:33:50,DELETE_STORY,15
13:33:50,EXPORT_STORY,321
13:33:50,CREATE_STORY,7
13:33:50,UPDATE_STORY,11
13:33:50,DELETE_STORY,10
13:33:50,SEARCH_LABELS,3
13:33:50,SEARCH_STORIES,2
13:33:50,SEARCH_STORIES,26
13:33:50,EXPORT_STORY,238
13:33:50,CREATE_STORY,6
13:33:50,UPDATE_STORY,11
13:33:50,DELETE_STORY,11
13:33:51,SEARCH_LABELS,2
13:33:51,SEARCH_STORIES,2
13:33:51,SEARCH_STORIES,28
13:33:51,SEARCH_LABELS,2
13:33:51,SEARCH_STORIES,2
13:33:51,SEARCH_STORIES,24
13:33:51,SEARCH_LABELS,5
13:33:51,SEARCH_STORIES,4
13:33:51,SEARCH_STORIES,55
13:33:51,EXPORT_STORY,353
13:33:51,CREATE_STORY,8
13:33:51,UPDATE_STORY,14
13:33:51,DELETE_STORY,21
13:33:51,EXPORT_STORY,391
13:33:51,CREATE_STORY,8
13:33:51,UPDATE_STORY,14
13:33:51,DELETE_STORY,12
13:33:52,EXPORT_STORY,291
13:33:52,CREATE_STORY,7
13:33:52,UPDATE_STORY,11
13:33:52,DELETE_STORY,10
13:33:52,SEARCH_LABELS,3
13:33:52,SEARCH_STORIES,2
13:33:52,SEARCH_STORIES,26
13:33:52,EXPORT_STORY,224
13:33:52,CREATE_STORY,7
13:33:52,UPDATE_STORY,11
13:33:52,DELETE_STORY,10
13:33:53,SEARCH_LABELS,3
13:33:53,SEARCH_STORIES,2
13:33:53,SEARCH_STORIES,25
13:33:53,SEARCH_LABELS,4
13:33:53,SEARCH_STORIES,1
13:33:53,SEARCH_STORIES,37
13:33:53,SEARCH_LABELS,5
13:33:53,SEARCH_STORIES,4
13:33:53,SEARCH_STORIES,41
13:33:53,EXPORT_STORY,377
13:33:53,CREATE_STORY,8
13:33:53,UPDATE_STORY,15
13:33:53,DELETE_STORY,18
13:33:53,EXPORT_STORY,400
13:33:53,CREATE_STORY,7
13:33:53,UPDATE_STORY,13
13:33:53,DELETE_STORY,15
13:33:53,EXPORT_STORY,266
13:33:53,CREATE_STORY,7
13:33:53,UPDATE_STORY,12
13:33:53,DELETE_STORY,12
13:33:54,SEARCH_LABELS,3
13:33:54,SEARCH_STORIES,2
13:33:54,SEARCH_STORIES,23
13:33:54,EXPORT_STORY,234
13:33:54,CREATE_STORY,6
13:33:54,UPDATE_STORY,11
13:33:54,DELETE_STORY,11
13:33:54,SEARCH_LABELS,3
13:33:54,SEARCH_STORIES,2
13:33:54,SEARCH_STORIES,22
13:33:55,EXPORT_STORY,238
13:33:55,CREATE_STORY,6
13:33:55,UPDATE_STORY,9
13:33:55,DELETE_STORY,12
13:33:55,SEARCH_LABELS,3
13:33:55,SEARCH_STORIES,1
13:33:55,SEARCH_STORIES,35
13:33:55,EXPORT_STORY,239
13:33:55,CREATE_STORY,7
13:33:55,UPDATE_STORY,11
13:33:55,DELETE_STORY,10
13:33:55,SEARCH_LABELS,2
13:33:55,SEARCH_STORIES,2
13:33:55,SEARCH_STORIES,21
13:33:56,EXPORT_STORY,232
13:33:56,CREATE_STORY,8
13:33:56,UPDATE_STORY,11
13:33:56,DELETE_STORY,10
13:33:56,SEARCH_LABELS,3
13:33:56,SEARCH_STORIES,2
13:33:56,SEARCH_STORIES,27
13:33:57,EXPORT_STORY,235
13:33:57,CREATE_STORY,7
13:33:57,UPDATE_STORY,12
13:33:57,DELETE_STORY,13
13:33:57,SEARCH_LABELS,2
13:33:57,SEARCH_STORIES,2
13:33:57,SEARCH_STORIES,24
13:33:57,EXPORT_STORY,232
13:33:57,CREATE_STORY,7
13:33:57,UPDATE_STORY,11
13:33:57,DELETE_STORY,10
13:33:57,SEARCH_LABELS,2
13:33:57,SEARCH_STORIES,2
13:33:57,SEARCH_STORIES,25
13:33:57,SEARCH_LABELS,3
13:33:57,SEARCH_STORIES,1
13:33:57,SEARCH_STORIES,24
13:33:58,EXPORT_STORY,343
13:33:58,CREATE_STORY,9
13:33:58,UPDATE_STORY,14
13:33:58,DELETE_STORY,13
13:33:58,EXPORT_STORY,358
13:33:58,CREATE_STORY,8
13:33:58,UPDATE_STORY,12
13:33:58,DELETE_STORY,11
13:33:58,SEARCH_LABELS,2
13:33:58,SEARCH_STORIES,1
13:33:58,SEARCH_STORIES,26
13:33:58,EXPORT_STORY,227
13:33:58,CREATE_STORY,7
13:33:58,UPDATE_STORY,13
13:33:58,DELETE_STORY,10
13:33:59,SEARCH_LABELS,3
13:33:59,SEARCH_STORIES,2
13:33:59,SEARCH_STORIES,25
13:33:59,SEARCH_LABELS,4
13:33:59,SEARCH_STORIES,2
13:33:59,SEARCH_STORIES,38
13:33:59,EXPORT_STORY,248
13:33:59,CREATE_STORY,8
13:33:59,UPDATE_STORY,10
13:33:59,SEARCH_LABELS,2
13:33:59,SEARCH_STORIES,2
13:33:59,DELETE_STORY,11
13:33:59,SEARCH_STORIES,24
13:33:59,EXPORT_STORY,302
13:33:59,CREATE_STORY,8
13:33:59,UPDATE_STORY,15
13:34:0,DELETE_STORY,13
13:34:0,EXPORT_STORY,327
13:34:0,CREATE_STORY,5
13:34:0,UPDATE_STORY,10
13:34:0,DELETE_STORY,11
13:34:0,SEARCH_LABELS,3
13:34:0,SEARCH_STORIES,2
13:34:0,SEARCH_STORIES,27
13:34:0,EXPORT_STORY,232
13:34:0,CREATE_STORY,6
13:34:0,UPDATE_STORY,13
13:34:0,DELETE_STORY,10
13:34:1,SEARCH_LABELS,2
13:34:1,SEARCH_STORIES,2
13:34:1,SEARCH_STORIES,22
13:34:1,SEARCH_LABELS,3
13:34:1,SEARCH_STORIES,2
13:34:1,SEARCH_STORIES,30
13:34:1,SEARCH_LABELS,5
13:34:1,SEARCH_STORIES,7
13:34:1,SEARCH_STORIES,52
13:34:1,EXPORT_STORY,338
13:34:1,CREATE_STORY,7
13:34:1,UPDATE_STORY,13
13:34:1,DELETE_STORY,24
13:34:1,EXPORT_STORY,386
13:34:1,CREATE_STORY,8
13:34:1,UPDATE_STORY,15
13:34:1,DELETE_STORY,14
13:34:2,EXPORT_STORY,295
13:34:2,CREATE_STORY,6
13:34:2,UPDATE_STORY,10
13:34:2,DELETE_STORY,11
13:34:2,SEARCH_LABELS,3
13:34:2,SEARCH_STORIES,2
13:34:2,SEARCH_STORIES,25
13:34:2,EXPORT_STORY,224
13:34:2,CREATE_STORY,7
13:34:2,UPDATE_STORY,10
13:34:2,DELETE_STORY,11
13:34:3,SEARCH_LABELS,3
13:34:3,SEARCH_STORIES,2
13:34:3,SEARCH_LABELS,3
13:34:3,SEARCH_STORIES,2
13:34:3,SEARCH_STORIES,38
13:34:3,SEARCH_STORIES,32
13:34:3,SEARCH_LABELS,6
13:34:3,SEARCH_STORIES,3
13:34:3,SEARCH_STORIES,44
13:34:3,EXPORT_STORY,378
13:34:3,CREATE_STORY,12
13:34:3,UPDATE_STORY,18
13:34:3,EXPORT_STORY,394
13:34:3,DELETE_STORY,13
13:34:3,CREATE_STORY,7
13:34:3,UPDATE_STORY,10
13:34:3,DELETE_STORY,13
13:34:3,EXPORT_STORY,260
13:34:3,CREATE_STORY,7
13:34:3,UPDATE_STORY,12
13:34:3,DELETE_STORY,12
13:34:4,SEARCH_LABELS,2
13:34:4,SEARCH_STORIES,1
13:34:4,SEARCH_STORIES,25
13:34:4,EXPORT_STORY,235
13:34:4,CREATE_STORY,7
13:34:4,UPDATE_STORY,12
13:34:4,DELETE_STORY,10
13:34:4,SEARCH_LABELS,3
13:34:4,SEARCH_STORIES,2
13:34:4,SEARCH_STORIES,23
13:34:5,EXPORT_STORY,235
13:34:5,CREATE_STORY,6
13:34:5,UPDATE_STORY,11
13:34:5,DELETE_STORY,12
13:34:5,SEARCH_LABELS,3
13:34:5,SEARCH_STORIES,2
13:34:5,SEARCH_STORIES,24
13:34:5,EXPORT_STORY,234
13:34:5,CREATE_STORY,7
13:34:5,UPDATE_STORY,10
13:34:5,DELETE_STORY,11
13:34:5,SEARCH_LABELS,2
13:34:5,SEARCH_STORIES,2
13:34:5,SEARCH_STORIES,28
13:34:6,EXPORT_STORY,241
13:34:6,CREATE_STORY,7
13:34:6,UPDATE_STORY,12
13:34:6,DELETE_STORY,11
13:34:6,SEARCH_LABELS,2
13:34:6,SEARCH_STORIES,1
13:34:6,SEARCH_STORIES,23
13:34:7,EXPORT_STORY,227
13:34:7,CREATE_STORY,6
13:34:7,UPDATE_STORY,12
13:34:7,DELETE_STORY,10
13:34:7,SEARCH_LABELS,2
13:34:7,SEARCH_STORIES,2
13:34:7,SEARCH_STORIES,22
13:34:7,EXPORT_STORY,226
13:34:7,CREATE_STORY,7
13:34:7,UPDATE_STORY,11
13:34:7,DELETE_STORY,11
13:34:7,SEARCH_LABELS,3
13:34:7,SEARCH_STORIES,1
13:34:7,SEARCH_STORIES,25
13:34:7,SEARCH_LABELS,3
13:34:7,SEARCH_STORIES,2
13:34:7,SEARCH_STORIES,26
13:34:8,EXPORT_STORY,335
13:34:8,CREATE_STORY,8
13:34:8,UPDATE_STORY,12
13:34:8,DELETE_STORY,15
13:34:8,EXPORT_STORY,353
13:34:8,CREATE_STORY,6
13:34:8,UPDATE_STORY,14
13:34:8,DELETE_STORY,10
13:34:8,SEARCH_LABELS,2
13:34:8,SEARCH_STORIES,2
13:34:8,SEARCH_STORIES,24
13:34:8,EXPORT_STORY,229
13:34:8,CREATE_STORY,7
13:34:8,UPDATE_STORY,10
13:34:8,DELETE_STORY,11
13:34:9,SEARCH_LABELS,3
13:34:9,SEARCH_STORIES,2
13:34:9,SEARCH_STORIES,28
13:34:9,SEARCH_LABELS,4
13:34:9,SEARCH_STORIES,3
13:34:9,SEARCH_STORIES,38
13:34:9,EXPORT_STORY,255
13:34:9,CREATE_STORY,5
13:34:9,UPDATE_STORY,10
13:34:9,SEARCH_LABELS,3
13:34:9,SEARCH_STORIES,1
13:34:9,DELETE_STORY,10
13:34:9,SEARCH_STORIES,34
13:34:9,EXPORT_STORY,315
13:34:9,CREATE_STORY,7
13:34:10,UPDATE_STORY,12
13:34:10,DELETE_STORY,13
13:34:10,EXPORT_STORY,321
13:34:10,CREATE_STORY,4
13:34:10,UPDATE_STORY,11
13:34:10,DELETE_STORY,35
13:34:10,SEARCH_LABELS,3
13:34:10,SEARCH_STORIES,1
13:34:10,SEARCH_STORIES,24
13:34:10,EXPORT_STORY,231
13:34:10,CREATE_STORY,6
13:34:10,UPDATE_STORY,10
13:34:10,DELETE_STORY,11
13:34:11,SEARCH_LABELS,3
13:34:11,SEARCH_STORIES,2
13:34:11,SEARCH_STORIES,24
13:34:11,SEARCH_LABELS,3
13:34:11,SEARCH_STORIES,2
13:34:11,SEARCH_STORIES,31
13:34:11,SEARCH_LABELS,5
13:34:11,SEARCH_STORIES,3
13:34:11,SEARCH_STORIES,50
13:34:11,EXPORT_STORY,332
13:34:11,CREATE_STORY,7
13:34:11,UPDATE_STORY,14
13:34:11,DELETE_STORY,14
13:34:11,EXPORT_STORY,386
13:34:11,CREATE_STORY,6
13:34:11,UPDATE_STORY,15
13:34:11,DELETE_STORY,11
13:34:12,EXPORT_STORY,287
13:34:12,CREATE_STORY,6
13:34:12,UPDATE_STORY,10
13:34:12,DELETE_STORY,12
13:34:12,SEARCH_LABELS,2
13:34:12,SEARCH_STORIES,2
13:34:12,SEARCH_STORIES,24
13:34:12,EXPORT_STORY,228
13:34:12,CREATE_STORY,7
13:34:12,UPDATE_STORY,11
13:34:12,DELETE_STORY,12
13:34:13,SEARCH_LABELS,2
13:34:13,SEARCH_STORIES,2
13:34:13,SEARCH_STORIES,24
13:34:13,SEARCH_LABELS,3
13:34:13,SEARCH_STORIES,3
13:34:13,SEARCH_STORIES,21
13:34:13,SEARCH_LABELS,5
13:34:13,SEARCH_STORIES,4
13:34:13,SEARCH_STORIES,56
13:34:13,EXPORT_STORY,373
13:34:13,CREATE_STORY,7
13:34:13,UPDATE_STORY,16
13:34:13,DELETE_STORY,15
13:34:13,EXPORT_STORY,408
13:34:13,CREATE_STORY,7
13:34:13,UPDATE_STORY,10
13:34:13,DELETE_STORY,11
13:34:13,EXPORT_STORY,255
13:34:13,CREATE_STORY,6
13:34:13,UPDATE_STORY,10
13:34:13,DELETE_STORY,11
13:34:14,SEARCH_LABELS,2
13:34:14,SEARCH_STORIES,2
13:34:14,SEARCH_STORIES,30
13:34:14,EXPORT_STORY,232
13:34:14,CREATE_STORY,7
13:34:14,UPDATE_STORY,12
13:34:14,DELETE_STORY,11
13:34:14,SEARCH_LABELS,3
13:34:14,SEARCH_STORIES,2
13:34:14,SEARCH_STORIES,25
13:34:15,EXPORT_STORY,231
13:34:15,CREATE_STORY,6
13:34:15,UPDATE_STORY,10
13:34:15,DELETE_STORY,11
13:34:15,SEARCH_LABELS,2
13:34:15,SEARCH_STORIES,1
13:34:15,SEARCH_STORIES,26
13:34:15,EXPORT_STORY,269
13:34:15,CREATE_STORY,6
13:34:15,UPDATE_STORY,11
13:34:15,DELETE_STORY,11
13:34:15,SEARCH_LABELS,2
13:34:15,SEARCH_STORIES,1
13:34:15,SEARCH_STORIES,25
13:34:16,EXPORT_STORY,236
13:34:16,CREATE_STORY,8
13:34:16,UPDATE_STORY,13
13:34:16,DELETE_STORY,10
13:34:16,SEARCH_LABELS,2
13:34:16,SEARCH_STORIES,2
13:34:16,SEARCH_STORIES,25
13:34:17,EXPORT_STORY,232
13:34:17,CREATE_STORY,7
13:34:17,UPDATE_STORY,11
13:34:17,DELETE_STORY,10
13:34:17,SEARCH_LABELS,2
13:34:17,SEARCH_STORIES,2
13:34:17,SEARCH_STORIES,26
13:34:17,EXPORT_STORY,222
13:34:17,CREATE_STORY,6
13:34:17,UPDATE_STORY,11
13:34:17,DELETE_STORY,11
13:34:17,SEARCH_LABELS,2
13:34:17,SEARCH_STORIES,1
13:34:17,SEARCH_STORIES,24
13:34:17,SEARCH_LABELS,3
13:34:17,SEARCH_STORIES,2
13:34:17,SEARCH_STORIES,24
13:34:18,EXPORT_STORY,345
13:34:18,CREATE_STORY,10
13:34:18,UPDATE_STORY,17
13:34:18,DELETE_STORY,11
13:34:18,EXPORT_STORY,363
13:34:18,CREATE_STORY,6
13:34:18,UPDATE_STORY,12
13:34:18,DELETE_STORY,10
13:34:18,SEARCH_LABELS,2
13:34:18,SEARCH_STORIES,2
13:34:18,SEARCH_STORIES,22
13:34:18,EXPORT_STORY,231
13:34:18,CREATE_STORY,6
13:34:18,UPDATE_STORY,12
13:34:18,DELETE_STORY,11
13:34:19,SEARCH_LABELS,3
13:34:19,SEARCH_STORIES,2
13:34:19,SEARCH_STORIES,23
13:34:19,SEARCH_LABELS,5
13:34:19,SEARCH_STORIES,2
13:34:19,SEARCH_STORIES,34
13:34:19,EXPORT_STORY,249
13:34:19,CREATE_STORY,6
13:34:19,UPDATE_STORY,15
13:34:19,SEARCH_LABELS,2
13:34:19,SEARCH_STORIES,3
13:34:19,DELETE_STORY,9
13:34:19,SEARCH_STORIES,33
13:34:19,EXPORT_STORY,307
13:34:19,CREATE_STORY,8
13:34:19,UPDATE_STORY,13
13:34:20,DELETE_STORY,13
13:34:20,EXPORT_STORY,316
13:34:20,CREATE_STORY,5
13:34:20,UPDATE_STORY,14
13:34:20,DELETE_STORY,11
13:34:20,SEARCH_LABELS,3
13:34:20,SEARCH_STORIES,2
13:34:20,SEARCH_STORIES,27
13:34:20,EXPORT_STORY,229
13:34:20,CREATE_STORY,5
13:34:20,UPDATE_STORY,15
13:34:20,DELETE_STORY,10
13:34:21,SEARCH_LABELS,3
13:34:21,SEARCH_STORIES,1
13:34:21,SEARCH_STORIES,27
13:34:21,SEARCH_LABELS,3
13:34:21,SEARCH_STORIES,2
13:34:21,SEARCH_STORIES,24
13:34:21,SEARCH_LABELS,5
13:34:21,SEARCH_STORIES,5
13:34:21,SEARCH_STORIES,50
13:34:21,EXPORT_STORY,339
13:34:21,CREATE_STORY,7
13:34:21,UPDATE_STORY,13
13:34:21,DELETE_STORY,13
13:34:21,EXPORT_STORY,382
13:34:21,CREATE_STORY,10
13:34:21,UPDATE_STORY,13
13:34:21,DELETE_STORY,12
13:34:22,EXPORT_STORY,285
13:34:22,CREATE_STORY,5
13:34:22,UPDATE_STORY,10
13:34:22,DELETE_STORY,12
13:34:22,SEARCH_LABELS,3
13:34:22,SEARCH_STORIES,1
13:34:22,SEARCH_STORIES,30
13:34:22,EXPORT_STORY,239
13:34:22,CREATE_STORY,7
13:34:22,UPDATE_STORY,11
13:34:22,DELETE_STORY,11
13:34:23,SEARCH_LABELS,3
13:34:23,SEARCH_STORIES,2
13:34:23,SEARCH_STORIES,22
13:34:23,SEARCH_LABELS,4
13:34:23,SEARCH_STORIES,3
13:34:23,SEARCH_STORIES,21
13:34:23,SEARCH_LABELS,5
13:34:23,SEARCH_STORIES,4
13:34:23,SEARCH_STORIES,52
13:34:23,EXPORT_STORY,368
13:34:23,CREATE_STORY,8
13:34:23,UPDATE_STORY,15
13:34:23,DELETE_STORY,15
13:34:23,EXPORT_STORY,384
13:34:23,CREATE_STORY,7
13:34:23,UPDATE_STORY,12
13:34:23,DELETE_STORY,11
13:34:23,EXPORT_STORY,243
13:34:23,CREATE_STORY,7
13:34:23,UPDATE_STORY,10
13:34:23,DELETE_STORY,11
13:34:24,SEARCH_LABELS,2
13:34:24,SEARCH_STORIES,2
13:34:24,SEARCH_STORIES,26
13:34:24,EXPORT_STORY,242
13:34:24,CREATE_STORY,6
13:34:24,UPDATE_STORY,11
13:34:24,DELETE_STORY,8
13:34:24,SEARCH_LABELS,3
13:34:24,SEARCH_STORIES,2
13:34:24,SEARCH_STORIES,23
13:34:25,EXPORT_STORY,227
13:34:25,CREATE_STORY,6
13:34:25,UPDATE_STORY,11
13:34:25,DELETE_STORY,12
13:34:25,SEARCH_LABELS,2
13:34:25,SEARCH_STORIES,2
13:34:25,SEARCH_STORIES,24
13:34:25,EXPORT_STORY,234
13:34:25,CREATE_STORY,6
13:34:25,UPDATE_STORY,11
13:34:25,DELETE_STORY,10
13:34:25,SEARCH_LABELS,2
13:34:25,SEARCH_STORIES,2
13:34:25,SEARCH_STORIES,24
13:34:26,EXPORT_STORY,231
13:34:26,CREATE_STORY,8
13:34:26,UPDATE_STORY,10
13:34:26,DELETE_STORY,11
13:34:26,SEARCH_LABELS,3
13:34:26,SEARCH_STORIES,1
13:34:26,SEARCH_STORIES,22
13:34:27,EXPORT_STORY,226
13:34:27,CREATE_STORY,6
13:34:27,UPDATE_STORY,11
13:34:27,DELETE_STORY,11
13:34:27,SEARCH_LABELS,3
13:34:27,SEARCH_STORIES,1
13:34:27,SEARCH_STORIES,26
13:34:27,EXPORT_STORY,230
13:34:27,CREATE_STORY,9
13:34:27,UPDATE_STORY,11
13:34:27,DELETE_STORY,11
13:34:27,SEARCH_LABELS,3
13:34:27,SEARCH_STORIES,2
13:34:27,SEARCH_STORIES,27
13:34:27,SEARCH_LABELS,3
13:34:27,SEARCH_STORIES,2
13:34:27,SEARCH_STORIES,25
13:34:28,EXPORT_STORY,347
13:34:28,CREATE_STORY,11
13:34:28,UPDATE_STORY,15
13:34:28,EXPORT_STORY,360
13:34:28,DELETE_STORY,16
13:34:28,CREATE_STORY,7
13:34:28,UPDATE_STORY,11
13:34:28,DELETE_STORY,13
13:34:28,SEARCH_LABELS,2
13:34:28,SEARCH_STORIES,1
13:34:28,SEARCH_STORIES,24
13:34:28,EXPORT_STORY,227
13:34:28,CREATE_STORY,6
13:34:28,UPDATE_STORY,11
13:34:28,DELETE_STORY,11
13:34:29,SEARCH_LABELS,3
13:34:29,SEARCH_STORIES,2
13:34:29,SEARCH_STORIES,23
13:34:29,SEARCH_LABELS,4
13:34:29,SEARCH_STORIES,2
13:34:29,SEARCH_STORIES,35
13:34:29,EXPORT_STORY,257
13:34:29,CREATE_STORY,7
13:34:29,SEARCH_LABELS,2
13:34:29,SEARCH_STORIES,1
13:34:29,UPDATE_STORY,13
13:34:29,DELETE_STORY,15
13:34:29,SEARCH_STORIES,33
13:34:29,EXPORT_STORY,298
13:34:29,CREATE_STORY,8
13:34:29,UPDATE_STORY,15
13:34:30,DELETE_STORY,15
13:34:30,EXPORT_STORY,320
13:34:30,CREATE_STORY,6
13:34:30,UPDATE_STORY,11
13:34:30,DELETE_STORY,10
13:34:30,SEARCH_LABELS,3
13:34:30,SEARCH_STORIES,1
13:34:30,SEARCH_STORIES,25
13:34:30,EXPORT_STORY,232
13:34:30,CREATE_STORY,6
13:34:30,UPDATE_STORY,13
13:34:30,DELETE_STORY,11
13:34:31,SEARCH_LABELS,2
13:34:31,SEARCH_STORIES,1
13:34:31,SEARCH_STORIES,25
13:34:31,SEARCH_LABELS,3
13:34:31,SEARCH_STORIES,1
13:34:31,SEARCH_STORIES,25
13:34:31,SEARCH_LABELS,4
13:34:31,SEARCH_STORIES,4
13:34:31,SEARCH_STORIES,46
13:34:31,EXPORT_STORY,350
13:34:31,CREATE_STORY,7
13:34:31,UPDATE_STORY,15
13:34:31,DELETE_STORY,16
13:34:31,EXPORT_STORY,384
13:34:31,CREATE_STORY,8
13:34:31,UPDATE_STORY,15
13:34:31,DELETE_STORY,14
13:34:32,EXPORT_STORY,291
13:34:32,CREATE_STORY,6
13:34:32,UPDATE_STORY,11
13:34:32,DELETE_STORY,11
13:34:32,SEARCH_LABELS,3
13:34:32,SEARCH_STORIES,2
13:34:32,SEARCH_STORIES,23
13:34:32,EXPORT_STORY,231
13:34:32,CREATE_STORY,10
13:34:32,UPDATE_STORY,11
13:34:32,DELETE_STORY,12
13:34:33,SEARCH_LABELS,3
13:34:33,SEARCH_STORIES,2
13:34:33,SEARCH_STORIES,26
13:34:33,SEARCH_LABELS,4
13:34:33,SEARCH_STORIES,3
13:34:33,SEARCH_STORIES,28
13:34:33,SEARCH_LABELS,5
13:34:33,SEARCH_STORIES,4
13:34:33,SEARCH_STORIES,53
13:34:33,EXPORT_STORY,378
13:34:33,CREATE_STORY,7
13:34:33,UPDATE_STORY,14
13:34:33,DELETE_STORY,14
13:34:33,EXPORT_STORY,399
13:34:33,CREATE_STORY,6
13:34:33,UPDATE_STORY,11
13:34:33,DELETE_STORY,11
13:34:33,EXPORT_STORY,258
13:34:33,CREATE_STORY,7
13:34:33,UPDATE_STORY,13
13:34:33,DELETE_STORY,12
13:34:34,SEARCH_LABELS,2
13:34:34,SEARCH_STORIES,2
13:34:34,SEARCH_STORIES,29
13:34:34,EXPORT_STORY,242
13:34:34,CREATE_STORY,6
13:34:34,UPDATE_STORY,10
13:34:34,DELETE_STORY,11
13:34:34,SEARCH_LABELS,3
13:34:34,SEARCH_STORIES,1
13:34:34,SEARCH_STORIES,25
13:34:35,EXPORT_STORY,226
13:34:35,CREATE_STORY,6
13:34:35,UPDATE_STORY,11
13:34:35,DELETE_STORY,11
13:34:35,SEARCH_LABELS,3
13:34:35,SEARCH_STORIES,2
13:34:35,SEARCH_STORIES,26
13:34:35,EXPORT_STORY,238
13:34:35,CREATE_STORY,7
13:34:35,UPDATE_STORY,11
13:34:35,DELETE_STORY,11
13:34:35,SEARCH_LABELS,3
13:34:35,SEARCH_STORIES,2
13:34:35,SEARCH_STORIES,23
13:34:36,EXPORT_STORY,231
13:34:36,CREATE_STORY,8
13:34:36,UPDATE_STORY,13
13:34:36,DELETE_STORY,11
13:34:36,SEARCH_LABELS,3
13:34:36,SEARCH_STORIES,2
13:34:36,SEARCH_STORIES,23
13:34:37,EXPORT_STORY,237
13:34:37,CREATE_STORY,6
13:34:37,UPDATE_STORY,11
13:34:37,DELETE_STORY,11
13:34:37,SEARCH_LABELS,3
13:34:37,SEARCH_STORIES,2
13:34:37,SEARCH_STORIES,27
13:34:37,EXPORT_STORY,231
13:34:37,CREATE_STORY,5
13:34:37,UPDATE_STORY,13
13:34:37,DELETE_STORY,11
13:34:37,SEARCH_LABELS,3
13:34:37,SEARCH_STORIES,2
13:34:37,SEARCH_STORIES,25
13:34:37,SEARCH_LABELS,3
13:34:37,SEARCH_STORIES,1
13:34:37,SEARCH_STORIES,23
13:34:38,EXPORT_STORY,356
13:34:38,CREATE_STORY,9
13:34:38,UPDATE_STORY,14
13:34:38,DELETE_STORY,16
13:34:38,EXPORT_STORY,375
13:34:38,CREATE_STORY,7
13:34:38,UPDATE_STORY,13
13:34:38,DELETE_STORY,13
13:34:38,SEARCH_LABELS,2
13:34:38,SEARCH_STORIES,2
13:34:38,SEARCH_STORIES,25
13:34:38,EXPORT_STORY,228
13:34:38,CREATE_STORY,7
13:34:38,UPDATE_STORY,11
13:34:38,DELETE_STORY,11
13:34:39,SEARCH_LABELS,3
13:34:39,SEARCH_STORIES,2
13:34:39,SEARCH_STORIES,25
13:34:39,SEARCH_LABELS,3
13:34:39,SEARCH_STORIES,3
13:34:39,SEARCH_STORIES,39
13:34:39,EXPORT_STORY,246
13:34:39,CREATE_STORY,6
13:34:39,UPDATE_STORY,12
13:34:39,SEARCH_LABELS,2
13:34:39,SEARCH_STORIES,3
13:34:39,DELETE_STORY,14
13:34:39,SEARCH_STORIES,35
13:34:39,EXPORT_STORY,314
13:34:39,CREATE_STORY,8
13:34:40,UPDATE_STORY,13
13:34:40,DELETE_STORY,11
13:34:40,EXPORT_STORY,327
13:34:40,CREATE_STORY,6
13:34:40,UPDATE_STORY,10
13:34:40,DELETE_STORY,13
13:34:40,SEARCH_LABELS,3
13:34:40,SEARCH_STORIES,2
13:34:40,SEARCH_STORIES,26
13:34:40,EXPORT_STORY,233
13:34:40,CREATE_STORY,6
13:34:40,UPDATE_STORY,12
13:34:40,DELETE_STORY,10
13:34:41,SEARCH_LABELS,3
13:34:41,SEARCH_STORIES,1
13:34:41,SEARCH_STORIES,23
13:34:41,SEARCH_LABELS,3
13:34:41,SEARCH_STORIES,2
13:34:41,SEARCH_STORIES,24
13:34:41,SEARCH_LABELS,4
13:34:41,SEARCH_STORIES,4
13:34:41,SEARCH_STORIES,53
13:34:41,EXPORT_STORY,348
13:34:41,CREATE_STORY,8
13:34:41,UPDATE_STORY,14
13:34:41,DELETE_STORY,15
13:34:41,EXPORT_STORY,394
13:34:41,CREATE_STORY,7
13:34:41,UPDATE_STORY,13
13:34:41,DELETE_STORY,15
13:34:42,EXPORT_STORY,289
13:34:42,CREATE_STORY,6
13:34:42,UPDATE_STORY,11
13:34:42,DELETE_STORY,11
13:34:42,SEARCH_LABELS,3
13:34:42,SEARCH_STORIES,1
13:34:42,SEARCH_STORIES,28
13:34:42,EXPORT_STORY,237
13:34:42,CREATE_STORY,7
13:34:42,UPDATE_STORY,13
13:34:42,DELETE_STORY,10
13:34:43,SEARCH_LABELS,2
13:34:43,SEARCH_STORIES,2
13:34:43,SEARCH_STORIES,28
13:34:43,SEARCH_LABELS,4
13:34:43,SEARCH_STORIES,2
13:34:43,SEARCH_STORIES,24
13:34:43,SEARCH_LABELS,5
13:34:43,SEARCH_STORIES,3
13:34:43,SEARCH_STORIES,56
13:34:43,EXPORT_STORY,393
13:34:43,CREATE_STORY,11
13:34:43,UPDATE_STORY,16
13:34:43,EXPORT_STORY,404
13:34:43,DELETE_STORY,13
13:34:43,CREATE_STORY,8
13:34:43,UPDATE_STORY,12
13:34:43,DELETE_STORY,11
13:34:43,EXPORT_STORY,260
13:34:43,CREATE_STORY,7
13:34:43,UPDATE_STORY,11
13:34:43,DELETE_STORY,11
13:34:44,SEARCH_LABELS,2
13:34:44,SEARCH_STORIES,2
13:34:44,SEARCH_STORIES,27
13:34:44,EXPORT_STORY,241
13:34:44,CREATE_STORY,7
13:34:44,UPDATE_STORY,14
13:34:44,DELETE_STORY,11
13:34:44,SEARCH_LABELS,3
13:34:44,SEARCH_STORIES,2
13:34:44,SEARCH_STORIES,22
13:34:45,EXPORT_STORY,231
13:34:45,CREATE_STORY,6
13:34:45,UPDATE_STORY,12
13:34:45,DELETE_STORY,11
13:34:45,SEARCH_LABELS,2
13:34:45,SEARCH_STORIES,2
13:34:45,SEARCH_STORIES,25
13:34:45,EXPORT_STORY,233
13:34:45,CREATE_STORY,7
13:34:45,UPDATE_STORY,13
13:34:45,DELETE_STORY,12
13:34:45,SEARCH_LABELS,2
13:34:45,SEARCH_STORIES,2
13:34:45,SEARCH_STORIES,23
13:34:46,EXPORT_STORY,233
13:34:46,CREATE_STORY,7
13:34:46,UPDATE_STORY,11
13:34:46,DELETE_STORY,11
13:34:46,SEARCH_LABELS,3
13:34:46,SEARCH_STORIES,2
13:34:46,SEARCH_STORIES,24
13:34:47,EXPORT_STORY,231
13:34:47,CREATE_STORY,7
13:34:47,UPDATE_STORY,13
13:34:47,DELETE_STORY,10
13:34:47,SEARCH_LABELS,2
13:34:47,SEARCH_STORIES,2
13:34:47,SEARCH_STORIES,32
13:34:47,EXPORT_STORY,227
13:34:47,CREATE_STORY,6
13:34:47,UPDATE_STORY,13
13:34:47,DELETE_STORY,12
13:34:47,SEARCH_LABELS,3
13:34:47,SEARCH_STORIES,2
13:34:47,SEARCH_STORIES,24
13:34:47,SEARCH_LABELS,2
13:34:47,SEARCH_STORIES,1
13:34:47,SEARCH_STORIES,26
13:34:48,EXPORT_STORY,339
13:34:48,CREATE_STORY,7
13:34:48,UPDATE_STORY,16
13:34:48,DELETE_STORY,16
13:34:48,EXPORT_STORY,360
13:34:48,CREATE_STORY,6
13:34:48,UPDATE_STORY,12
13:34:48,DELETE_STORY,13
13:34:48,SEARCH_LABELS,2
13:34:48,SEARCH_STORIES,2
13:34:48,SEARCH_STORIES,24
13:34:48,EXPORT_STORY,229
13:34:48,CREATE_STORY,6
13:34:48,UPDATE_STORY,10
13:34:48,DELETE_STORY,11
13:34:49,SEARCH_LABELS,3
13:34:49,SEARCH_STORIES,2
13:34:49,SEARCH_STORIES,26
13:34:49,SEARCH_LABELS,4
13:34:49,SEARCH_STORIES,3
13:34:49,SEARCH_STORIES,35
13:34:49,EXPORT_STORY,264
13:34:49,CREATE_STORY,6
13:34:49,SEARCH_LABELS,2
13:34:49,SEARCH_STORIES,1
13:34:49,UPDATE_STORY,12
13:34:49,DELETE_STORY,11
13:34:49,SEARCH_STORIES,31
13:34:49,EXPORT_STORY,304
13:34:49,CREATE_STORY,8
13:34:49,UPDATE_STORY,15
13:34:50,DELETE_STORY,12
13:34:50,EXPORT_STORY,320
13:34:50,CREATE_STORY,6
13:34:50,UPDATE_STORY,11
13:34:50,DELETE_STORY,11
13:34:50,SEARCH_LABELS,3
13:34:50,SEARCH_STORIES,2
13:34:50,SEARCH_STORIES,26
13:34:50,EXPORT_STORY,234
13:34:50,CREATE_STORY,5
13:34:50,UPDATE_STORY,12
13:34:50,DELETE_STORY,12
13:34:51,SEARCH_LABELS,3
13:34:51,SEARCH_STORIES,1
13:34:51,SEARCH_STORIES,27
13:34:51,SEARCH_LABELS,3
13:34:51,SEARCH_STORIES,1
13:34:51,SEARCH_STORIES,23
13:34:51,SEARCH_LABELS,5
13:34:51,SEARCH_STORIES,4
13:34:51,SEARCH_STORIES,45
13:34:51,EXPORT_STORY,368
13:34:51,CREATE_STORY,8
13:34:51,UPDATE_STORY,15
13:34:51,DELETE_STORY,12
13:34:51,EXPORT_STORY,398
13:34:51,CREATE_STORY,7
13:34:51,UPDATE_STORY,13
13:34:51,DELETE_STORY,12
13:34:52,EXPORT_STORY,295
13:34:52,CREATE_STORY,6
13:34:52,UPDATE_STORY,13
13:34:52,DELETE_STORY,11
13:34:52,SEARCH_LABELS,3
13:34:52,SEARCH_STORIES,2
13:34:52,SEARCH_STORIES,28
13:34:52,EXPORT_STORY,234
13:34:52,CREATE_STORY,7
13:34:52,UPDATE_STORY,12
13:34:52,DELETE_STORY,11
13:34:53,SEARCH_LABELS,3
13:34:53,SEARCH_STORIES,2
13:34:53,SEARCH_STORIES,23
13:34:53,SEARCH_LABELS,3
13:34:53,SEARCH_STORIES,1
13:34:53,SEARCH_STORIES,22
13:34:53,SEARCH_LABELS,8
13:34:53,SEARCH_STORIES,5
13:34:53,SEARCH_STORIES,51
13:34:53,EXPORT_STORY,379
13:34:53,CREATE_STORY,8
13:34:53,UPDATE_STORY,13
13:34:53,DELETE_STORY,17
13:34:53,EXPORT_STORY,403
13:34:53,CREATE_STORY,7
13:34:53,UPDATE_STORY,12
13:34:53,DELETE_STORY,11
13:34:53,EXPORT_STORY,243
13:34:53,CREATE_STORY,7
13:34:53,UPDATE_STORY,10
13:34:53,DELETE_STORY,11
13:34:54,SEARCH_LABELS,3
13:34:54,SEARCH_STORIES,2
13:34:54,SEARCH_STORIES,28
13:34:54,EXPORT_STORY,236
13:34:54,CREATE_STORY,6
13:34:54,UPDATE_STORY,11
13:34:54,DELETE_STORY,11
13:34:54,SEARCH_LABELS,3
13:34:54,SEARCH_STORIES,2
13:34:54,SEARCH_STORIES,22
13:34:55,EXPORT_STORY,230
13:34:55,CREATE_STORY,6
13:34:55,UPDATE_STORY,10
13:34:55,DELETE_STORY,10
13:34:55,SEARCH_LABELS,2
13:34:55,SEARCH_STORIES,2
13:34:55,SEARCH_STORIES,24
13:34:55,EXPORT_STORY,224
13:34:55,CREATE_STORY,7
13:34:55,UPDATE_STORY,10
13:34:55,DELETE_STORY,10
13:34:55,SEARCH_LABELS,3
13:34:55,SEARCH_STORIES,1
13:34:55,SEARCH_STORIES,25
13:34:56,EXPORT_STORY,229
13:34:56,CREATE_STORY,6
13:34:56,UPDATE_STORY,11
13:34:56,DELETE_STORY,11
13:34:56,SEARCH_LABELS,2
13:34:56,SEARCH_STORIES,1
13:34:56,SEARCH_STORIES,25
13:34:57,EXPORT_STORY,228
13:34:57,CREATE_STORY,7
13:34:57,UPDATE_STORY,14
13:34:57,DELETE_STORY,12
13:34:57,SEARCH_LABELS,3
13:34:57,SEARCH_STORIES,2
13:34:57,SEARCH_STORIES,32
13:34:57,EXPORT_STORY,230
13:34:57,CREATE_STORY,6
13:34:57,UPDATE_STORY,11
13:34:57,DELETE_STORY,11
13:34:57,SEARCH_LABELS,3
13:34:57,SEARCH_STORIES,2
13:34:57,SEARCH_STORIES,23
13:34:57,SEARCH_LABELS,3
13:34:57,SEARCH_STORIES,1
13:34:57,SEARCH_STORIES,28
13:34:58,EXPORT_STORY,353
13:34:58,CREATE_STORY,8
13:34:58,UPDATE_STORY,15
13:34:58,DELETE_STORY,15
13:34:58,EXPORT_STORY,363
13:34:58,CREATE_STORY,6
13:34:58,UPDATE_STORY,11
13:34:58,DELETE_STORY,10
13:34:58,SEARCH_LABELS,2
13:34:58,SEARCH_STORIES,2
13:34:58,SEARCH_STORIES,24
13:34:58,EXPORT_STORY,221
13:34:58,CREATE_STORY,6
13:34:58,UPDATE_STORY,11
13:34:58,DELETE_STORY,12
13:34:59,SEARCH_LABELS,3
13:34:59,SEARCH_STORIES,1
13:34:59,SEARCH_STORIES,24
13:34:59,SEARCH_LABELS,4
13:34:59,SEARCH_STORIES,3
13:34:59,SEARCH_STORIES,35
13:34:59,EXPORT_STORY,259
13:34:59,CREATE_STORY,6
13:34:59,SEARCH_LABELS,3
13:34:59,UPDATE_STORY,11
13:34:59,SEARCH_STORIES,1
13:34:59,DELETE_STORY,9
13:34:59,SEARCH_STORIES,26
13:34:59,EXPORT_STORY,315
13:34:59,CREATE_STORY,7
13:35:0,UPDATE_STORY,12
13:35:0,DELETE_STORY,15
13:35:0,EXPORT_STORY,322
13:35:0,CREATE_STORY,7
13:35:0,UPDATE_STORY,13
13:35:0,DELETE_STORY,11
13:35:0,SEARCH_LABELS,3
13:35:0,SEARCH_STORIES,2
13:35:0,SEARCH_STORIES,27
13:35:0,EXPORT_STORY,240
13:35:0,CREATE_STORY,5
13:35:0,UPDATE_STORY,10
13:35:0,DELETE_STORY,12
13:35:1,SEARCH_LABELS,2
13:35:1,SEARCH_STORIES,2
13:35:1,SEARCH_STORIES,23
13:35:1,SEARCH_LABELS,3
13:35:1,SEARCH_STORIES,2
13:35:1,SEARCH_STORIES,22
13:35:1,SEARCH_LABELS,4
13:35:1,SEARCH_STORIES,3
13:35:1,SEARCH_STORIES,42
13:35:1,EXPORT_STORY,360
13:35:1,CREATE_STORY,10
13:35:1,UPDATE_STORY,15
13:35:1,DELETE_STORY,13
13:35:1,EXPORT_STORY,401
13:35:1,CREATE_STORY,7
13:35:1,UPDATE_STORY,15
13:35:1,DELETE_STORY,12
13:35:2,EXPORT_STORY,294
13:35:2,CREATE_STORY,6
13:35:2,UPDATE_STORY,13
13:35:2,DELETE_STORY,11
13:35:2,SEARCH_LABELS,3
13:35:2,SEARCH_STORIES,2
13:35:2,SEARCH_STORIES,22
13:35:2,EXPORT_STORY,231
13:35:2,CREATE_STORY,7
13:35:2,UPDATE_STORY,13
13:35:2,DELETE_STORY,11
13:35:3,SEARCH_LABELS,3
13:35:3,SEARCH_STORIES,2
13:35:3,SEARCH_STORIES,25
13:35:3,SEARCH_LABELS,3
13:35:3,SEARCH_STORIES,2
13:35:3,SEARCH_STORIES,21
13:35:3,SEARCH_LABELS,5
13:35:3,SEARCH_STORIES,4
13:35:3,SEARCH_STORIES,56
13:35:3,EXPORT_STORY,378
13:35:3,CREATE_STORY,14
13:35:3,UPDATE_STORY,18
13:35:3,EXPORT_STORY,397
13:35:3,DELETE_STORY,14
13:35:3,CREATE_STORY,7
13:35:3,UPDATE_STORY,10
13:35:3,DELETE_STORY,9
13:35:3,EXPORT_STORY,243
13:35:3,CREATE_STORY,6
13:35:3,UPDATE_STORY,11
13:35:3,DELETE_STORY,10
13:35:4,SEARCH_LABELS,2
13:35:4,SEARCH_STORIES,2
13:35:4,SEARCH_STORIES,23
13:35:4,EXPORT_STORY,245
13:35:4,CREATE_STORY,6
13:35:4,UPDATE_STORY,14
13:35:4,DELETE_STORY,10
13:35:4,SEARCH_LABELS,3
13:35:4,SEARCH_STORIES,1
13:35:4,SEARCH_STORIES,23
13:35:5,EXPORT_STORY,225
13:35:5,CREATE_STORY,7
13:35:5,UPDATE_STORY,13
13:35:5,DELETE_STORY,12
13:35:5,SEARCH_LABELS,3
13:35:5,SEARCH_STORIES,1
13:35:5,SEARCH_STORIES,23
13:35:5,EXPORT_STORY,233
13:35:5,CREATE_STORY,6
13:35:5,UPDATE_STORY,12
13:35:5,DELETE_STORY,13
13:35:5,SEARCH_LABELS,3
13:35:5,SEARCH_STORIES,1
13:35:5,SEARCH_STORIES,23
13:35:6,EXPORT_STORY,233
13:35:6,CREATE_STORY,7
13:35:6,UPDATE_STORY,12
13:35:6,DELETE_STORY,11
13:35:6,SEARCH_LABELS,3
13:35:6,SEARCH_STORIES,2
13:35:6,SEARCH_STORIES,25
13:35:7,EXPORT_STORY,232
13:35:7,CREATE_STORY,6
13:35:7,UPDATE_STORY,11
13:35:7,DELETE_STORY,12
13:35:7,SEARCH_LABELS,2
13:35:7,SEARCH_STORIES,2
13:35:7,SEARCH_STORIES,22
13:35:7,EXPORT_STORY,229
13:35:7,CREATE_STORY,5
13:35:7,UPDATE_STORY,12
13:35:7,DELETE_STORY,10
13:35:7,SEARCH_LABELS,3
13:35:7,SEARCH_STORIES,2
13:35:7,SEARCH_STORIES,25
13:35:7,SEARCH_LABELS,3
13:35:7,SEARCH_STORIES,1
13:35:7,SEARCH_STORIES,26
13:35:8,EXPORT_STORY,337
13:35:8,CREATE_STORY,8
13:35:8,UPDATE_STORY,14
13:35:8,DELETE_STORY,13
13:35:8,EXPORT_STORY,350
13:35:8,CREATE_STORY,5
13:35:8,UPDATE_STORY,12
13:35:8,DELETE_STORY,10
13:35:8,SEARCH_LABELS,2
13:35:8,SEARCH_STORIES,2
13:35:8,SEARCH_STORIES,30
13:35:8,EXPORT_STORY,232
13:35:8,CREATE_STORY,6
13:35:8,UPDATE_STORY,10
13:35:8,DELETE_STORY,12
13:35:9,SEARCH_LABELS,3
13:35:9,SEARCH_STORIES,2
13:35:9,SEARCH_STORIES,29
13:35:9,SEARCH_LABELS,4
13:35:9,SEARCH_STORIES,3
13:35:9,SEARCH_STORIES,34
13:35:9,EXPORT_STORY,259
13:35:9,CREATE_STORY,7
13:35:9,SEARCH_LABELS,3
13:35:9,SEARCH_STORIES,2
13:35:9,UPDATE_STORY,11
13:35:9,DELETE_STORY,18
13:35:9,SEARCH_STORIES,30
13:35:9,EXPORT_STORY,305
13:35:9,CREATE_STORY,8
13:35:9,UPDATE_STORY,13
13:35:10,DELETE_STORY,14
13:35:10,EXPORT_STORY,319
13:35:10,CREATE_STORY,6
13:35:10,UPDATE_STORY,10
13:35:10,DELETE_STORY,10
13:35:10,SEARCH_LABELS,2
13:35:10,SEARCH_STORIES,2
13:35:10,SEARCH_STORIES,24
13:35:10,EXPORT_STORY,232
13:35:10,CREATE_STORY,6
13:35:10,UPDATE_STORY,11
13:35:10,DELETE_STORY,10
13:35:11,SEARCH_LABELS,3
13:35:11,SEARCH_STORIES,2
13:35:11,SEARCH_STORIES,24
13:35:11,SEARCH_LABELS,3
13:35:11,SEARCH_STORIES,2
13:35:11,SEARCH_STORIES,28
13:35:11,SEARCH_LABELS,4
13:35:11,SEARCH_STORIES,3
13:35:11,SEARCH_STORIES,47
13:35:11,EXPORT_STORY,323
13:35:11,CREATE_STORY,8
13:35:11,UPDATE_STORY,17
13:35:11,DELETE_STORY,16
13:35:11,EXPORT_STORY,380
13:35:11,CREATE_STORY,7
13:35:11,UPDATE_STORY,36
13:35:11,DELETE_STORY,12
13:35:12,EXPORT_STORY,302
13:35:12,CREATE_STORY,8
13:35:12,UPDATE_STORY,10
13:35:12,DELETE_STORY,11
13:35:12,SEARCH_LABELS,3
13:35:12,SEARCH_STORIES,2
13:35:12,SEARCH_STORIES,22
13:35:12,EXPORT_STORY,227
13:35:12,CREATE_STORY,7
13:35:12,UPDATE_STORY,15
13:35:12,DELETE_STORY,34
13:35:13,SEARCH_LABELS,3
13:35:13,SEARCH_STORIES,2
13:35:13,SEARCH_STORIES,23
13:35:13,SEARCH_LABELS,2
13:35:13,SEARCH_STORIES,4
13:35:13,SEARCH_STORIES,34
13:35:13,SEARCH_LABELS,5
13:35:13,SEARCH_STORIES,4
13:35:13,SEARCH_STORIES,49
13:35:13,EXPORT_STORY,373
13:35:13,CREATE_STORY,7
13:35:13,UPDATE_STORY,13
13:35:13,DELETE_STORY,19
13:35:13,EXPORT_STORY,393
13:35:13,CREATE_STORY,5
13:35:13,UPDATE_STORY,11
13:35:13,DELETE_STORY,15
13:35:13,EXPORT_STORY,252
13:35:13,CREATE_STORY,6
13:35:13,UPDATE_STORY,13
13:35:13,DELETE_STORY,10
13:35:14,SEARCH_LABELS,2
13:35:14,SEARCH_STORIES,1
13:35:14,SEARCH_STORIES,30
13:35:14,EXPORT_STORY,232
13:35:14,CREATE_STORY,8
13:35:14,UPDATE_STORY,11
13:35:14,DELETE_STORY,10
13:35:14,SEARCH_LABELS,3
13:35:14,SEARCH_STORIES,2
13:35:14,SEARCH_STORIES,24
13:35:15,EXPORT_STORY,240
13:35:15,CREATE_STORY,6
13:35:15,UPDATE_STORY,13
13:35:15,DELETE_STORY,10
13:35:15,SEARCH_LABELS,2
13:35:15,SEARCH_STORIES,1
13:35:15,SEARCH_STORIES,24
13:35:15,EXPORT_STORY,250
13:35:15,CREATE_STORY,5
13:35:15,UPDATE_STORY,12
13:35:15,DELETE_STORY,11
13:35:15,SEARCH_LABELS,2
13:35:15,SEARCH_STORIES,2
13:35:15,SEARCH_STORIES,22
13:35:16,EXPORT_STORY,233
13:35:16,CREATE_STORY,7
13:35:16,UPDATE_STORY,11
13:35:16,DELETE_STORY,11
13:35:16,SEARCH_LABELS,3
13:35:16,SEARCH_STORIES,2
13:35:16,SEARCH_STORIES,23
13:35:17,EXPORT_STORY,232
13:35:17,CREATE_STORY,7
13:35:17,UPDATE_STORY,12
13:35:17,DELETE_STORY,11
13:35:17,SEARCH_LABELS,2
13:35:17,SEARCH_STORIES,2
13:35:17,SEARCH_STORIES,27
13:35:17,EXPORT_STORY,229
13:35:17,CREATE_STORY,6
13:35:17,UPDATE_STORY,12
13:35:17,DELETE_STORY,9
13:35:17,SEARCH_LABELS,2
13:35:17,SEARCH_STORIES,2
13:35:17,SEARCH_STORIES,24
13:35:17,SEARCH_LABELS,3
13:35:17,SEARCH_STORIES,1
13:35:17,SEARCH_STORIES,27
13:35:18,EXPORT_STORY,348
13:35:18,CREATE_STORY,8
13:35:18,UPDATE_STORY,14
13:35:18,DELETE_STORY,13
13:35:18,EXPORT_STORY,358
13:35:18,CREATE_STORY,7
13:35:18,UPDATE_STORY,12
13:35:18,DELETE_STORY,10
13:35:18,SEARCH_LABELS,2
13:35:18,SEARCH_STORIES,2
13:35:18,SEARCH_STORIES,25
13:35:18,EXPORT_STORY,226
13:35:18,CREATE_STORY,7
13:35:18,UPDATE_STORY,13
13:35:18,DELETE_STORY,10
13:35:19,SEARCH_LABELS,3
13:35:19,SEARCH_STORIES,2
13:35:19,SEARCH_STORIES,23
13:35:19,SEARCH_LABELS,5
13:35:19,SEARCH_STORIES,3
13:35:19,SEARCH_STORIES,43
13:35:19,EXPORT_STORY,255
13:35:19,CREATE_STORY,10
13:35:19,SEARCH_LABELS,2
13:35:19,UPDATE_STORY,13
13:35:19,SEARCH_STORIES,2
13:35:19,DELETE_STORY,17
13:35:19,SEARCH_STORIES,26
13:35:19,EXPORT_STORY,312
13:35:19,CREATE_STORY,7
13:35:20,UPDATE_STORY,14
13:35:20,DELETE_STORY,12
13:35:20,EXPORT_STORY,325
13:35:20,CREATE_STORY,6
13:35:20,UPDATE_STORY,11
13:35:20,DELETE_STORY,11
13:35:20,SEARCH_LABELS,3
13:35:20,SEARCH_STORIES,2
13:35:20,SEARCH_STORIES,24
13:35:20,EXPORT_STORY,227
13:35:20,CREATE_STORY,6
13:35:20,UPDATE_STORY,12
13:35:20,DELETE_STORY,10
13:35:21,SEARCH_LABELS,3
13:35:21,SEARCH_STORIES,1
13:35:21,SEARCH_STORIES,26
13:35:21,SEARCH_LABELS,4
13:35:21,SEARCH_STORIES,2
13:35:21,SEARCH_STORIES,21
13:35:21,SEARCH_LABELS,6
13:35:21,SEARCH_STORIES,3
13:35:21,SEARCH_STORIES,42
13:35:21,EXPORT_STORY,347
13:35:21,CREATE_STORY,7
13:35:21,UPDATE_STORY,14
13:35:21,DELETE_STORY,15
13:35:21,EXPORT_STORY,402
13:35:21,CREATE_STORY,11
13:35:21,UPDATE_STORY,11
13:35:21,DELETE_STORY,12
13:35:21,EXPORT_STORY,294
13:35:22,CREATE_STORY,6
13:35:22,UPDATE_STORY,11
13:35:22,DELETE_STORY,11
13:35:22,SEARCH_LABELS,3
13:35:22,SEARCH_STORIES,2
13:35:22,SEARCH_STORIES,27
13:35:22,EXPORT_STORY,239
13:35:22,CREATE_STORY,6
13:35:22,UPDATE_STORY,11
13:35:22,DELETE_STORY,9
13:35:23,SEARCH_LABELS,3
13:35:23,SEARCH_STORIES,2
13:35:23,SEARCH_STORIES,22
13:35:23,SEARCH_LABELS,3
13:35:23,SEARCH_STORIES,2
13:35:23,SEARCH_STORIES,27
13:35:23,SEARCH_LABELS,9
13:35:23,SEARCH_STORIES,4
13:35:23,SEARCH_STORIES,45
13:35:23,EXPORT_STORY,387
13:35:23,CREATE_STORY,8
13:35:23,UPDATE_STORY,16
13:35:23,DELETE_STORY,16
13:35:23,EXPORT_STORY,401
13:35:23,CREATE_STORY,6
13:35:23,UPDATE_STORY,11
13:35:23,DELETE_STORY,12
13:35:23,EXPORT_STORY,259
13:35:23,CREATE_STORY,7
13:35:23,UPDATE_STORY,11
13:35:23,DELETE_STORY,11
13:35:24,SEARCH_LABELS,3
13:35:24,SEARCH_STORIES,1
13:35:24,SEARCH_STORIES,23
13:35:24,EXPORT_STORY,243
13:35:24,CREATE_STORY,7
13:35:24,UPDATE_STORY,13
13:35:24,DELETE_STORY,10
13:35:24,SEARCH_LABELS,3
13:35:24,SEARCH_STORIES,2
13:35:24,SEARCH_STORIES,25
13:35:25,EXPORT_STORY,223
13:35:25,CREATE_STORY,8
13:35:25,UPDATE_STORY,10
13:35:25,DELETE_STORY,10
13:35:25,SEARCH_LABELS,2
13:35:25,SEARCH_STORIES,2
13:35:25,SEARCH_STORIES,22
13:35:25,EXPORT_STORY,228
13:35:25,CREATE_STORY,7
13:35:25,UPDATE_STORY,9
13:35:25,DELETE_STORY,10
13:35:25,SEARCH_LABELS,2
13:35:25,SEARCH_STORIES,2
13:35:25,SEARCH_STORIES,24
13:35:26,EXPORT_STORY,232
13:35:26,CREATE_STORY,6
13:35:26,UPDATE_STORY,10
13:35:26,DELETE_STORY,14
13:35:26,SEARCH_LABELS,3
13:35:26,SEARCH_STORIES,2
13:35:26,SEARCH_STORIES,24
13:35:27,EXPORT_STORY,231
13:35:27,CREATE_STORY,6
13:35:27,UPDATE_STORY,11
13:35:27,DELETE_STORY,9
13:35:27,SEARCH_LABELS,2
13:35:27,SEARCH_STORIES,2
13:35:27,SEARCH_STORIES,25
13:35:27,EXPORT_STORY,226
13:35:27,CREATE_STORY,8
13:35:27,UPDATE_STORY,13
13:35:27,DELETE_STORY,11
13:35:27,SEARCH_LABELS,2
13:35:27,SEARCH_STORIES,2
13:35:27,SEARCH_STORIES,23
13:35:27,SEARCH_LABELS,3
13:35:27,SEARCH_STORIES,2
13:35:27,SEARCH_STORIES,25
13:35:28,EXPORT_STORY,332
13:35:28,CREATE_STORY,7
13:35:28,UPDATE_STORY,12
13:35:28,DELETE_STORY,11
13:35:28,EXPORT_STORY,350
13:35:28,CREATE_STORY,5
13:35:28,UPDATE_STORY,12
13:35:28,DELETE_STORY,11
13:35:28,SEARCH_LABELS,3
13:35:28,SEARCH_STORIES,1
13:35:28,SEARCH_STORIES,25
13:35:28,EXPORT_STORY,238
13:35:28,CREATE_STORY,7
13:35:28,UPDATE_STORY,10
13:35:28,DELETE_STORY,12
13:35:29,SEARCH_LABELS,3
13:35:29,SEARCH_STORIES,1
13:35:29,SEARCH_STORIES,24
13:35:29,SEARCH_LABELS,4
13:35:29,SEARCH_STORIES,3
13:35:29,SEARCH_STORIES,39
13:35:29,EXPORT_STORY,263
13:35:29,CREATE_STORY,9
13:35:29,SEARCH_LABELS,2
13:35:29,SEARCH_STORIES,2
13:35:29,UPDATE_STORY,17
13:35:29,SEARCH_STORIES,25
13:35:29,DELETE_STORY,12
13:35:29,EXPORT_STORY,303
13:35:29,CREATE_STORY,8
13:35:29,UPDATE_STORY,12
13:35:30,DELETE_STORY,13
13:35:30,EXPORT_STORY,322
13:35:30,CREATE_STORY,7
13:35:30,UPDATE_STORY,11
13:35:30,DELETE_STORY,11
13:35:30,SEARCH_LABELS,3
13:35:30,SEARCH_STORIES,2
13:35:30,SEARCH_STORIES,25
13:35:30,EXPORT_STORY,240
13:35:30,CREATE_STORY,6
13:35:30,UPDATE_STORY,10
13:35:30,DELETE_STORY,11
13:35:31,SEARCH_LABELS,3
13:35:31,SEARCH_STORIES,1
13:35:31,SEARCH_STORIES,23
13:35:31,SEARCH_LABELS,2
13:35:31,SEARCH_STORIES,2
13:35:31,SEARCH_STORIES,30
13:35:31,SEARCH_LABELS,4
13:35:31,SEARCH_STORIES,4
13:35:31,SEARCH_STORIES,51
13:35:31,EXPORT_STORY,327
13:35:31,CREATE_STORY,8
13:35:31,UPDATE_STORY,14
13:35:31,DELETE_STORY,15
13:35:31,EXPORT_STORY,393
13:35:31,CREATE_STORY,8
13:35:31,UPDATE_STORY,12
13:35:31,DELETE_STORY,14
13:35:32,EXPORT_STORY,295
13:35:32,CREATE_STORY,5
13:35:32,UPDATE_STORY,14
13:35:32,DELETE_STORY,11
13:35:32,SEARCH_LABELS,3
13:35:32,SEARCH_STORIES,2
13:35:32,SEARCH_STORIES,22
13:35:32,EXPORT_STORY,230
13:35:32,CREATE_STORY,7
13:35:32,UPDATE_STORY,10
13:35:32,DELETE_STORY,13
13:35:33,SEARCH_LABELS,3
13:35:33,SEARCH_STORIES,2
13:35:33,SEARCH_STORIES,25
13:35:33,SEARCH_LABELS,3
13:35:33,SEARCH_STORIES,3
13:35:33,SEARCH_STORIES,24
13:35:33,SEARCH_LABELS,5
13:35:33,SEARCH_STORIES,5
13:35:33,SEARCH_STORIES,48
13:35:33,EXPORT_STORY,374
13:35:33,CREATE_STORY,8
13:35:33,UPDATE_STORY,20
13:35:33,DELETE_STORY,17
13:35:33,EXPORT_STORY,398
13:35:33,CREATE_STORY,5
13:35:33,UPDATE_STORY,11
13:35:33,DELETE_STORY,11
13:35:33,EXPORT_STORY,250
13:35:33,CREATE_STORY,7
13:35:33,UPDATE_STORY,13
13:35:33,DELETE_STORY,13
13:35:34,SEARCH_LABELS,3
13:35:34,SEARCH_STORIES,2
13:35:34,SEARCH_STORIES,24
13:35:34,EXPORT_STORY,242
13:35:34,CREATE_STORY,7
13:35:34,UPDATE_STORY,11
13:35:34,DELETE_STORY,11
13:35:34,SEARCH_LABELS,3
13:35:34,SEARCH_STORIES,2
13:35:34,SEARCH_STORIES,25
13:35:35,EXPORT_STORY,227
13:35:35,CREATE_STORY,7
13:35:35,UPDATE_STORY,12
13:35:35,DELETE_STORY,10
13:35:35,SEARCH_LABELS,2
13:35:35,SEARCH_STORIES,2
13:35:35,SEARCH_STORIES,23
13:35:35,EXPORT_STORY,232
13:35:35,CREATE_STORY,7
13:35:35,UPDATE_STORY,10
13:35:35,DELETE_STORY,12
13:35:35,SEARCH_LABELS,3
13:35:35,SEARCH_STORIES,2
13:35:35,SEARCH_STORIES,24
13:35:36,EXPORT_STORY,232
13:35:36,CREATE_STORY,6
13:35:36,UPDATE_STORY,10
13:35:36,DELETE_STORY,11
13:35:36,SEARCH_LABELS,3
13:35:36,SEARCH_STORIES,2
13:35:36,SEARCH_STORIES,23
13:35:37,EXPORT_STORY,233
13:35:37,CREATE_STORY,6
13:35:37,UPDATE_STORY,11
13:35:37,DELETE_STORY,11
13:35:37,SEARCH_LABELS,2
13:35:37,SEARCH_STORIES,2
13:35:37,SEARCH_STORIES,21
13:35:37,EXPORT_STORY,232
13:35:37,CREATE_STORY,6
13:35:37,UPDATE_STORY,11
13:35:37,DELETE_STORY,12
13:35:37,SEARCH_LABELS,3
13:35:37,SEARCH_STORIES,2
13:35:37,SEARCH_STORIES,27
13:35:37,SEARCH_LABELS,3
13:35:37,SEARCH_STORIES,1
13:35:37,SEARCH_STORIES,23
13:35:38,EXPORT_STORY,340
13:35:38,CREATE_STORY,8
13:35:38,UPDATE_STORY,13
13:35:38,DELETE_STORY,13
13:35:38,EXPORT_STORY,353
13:35:38,CREATE_STORY,5
13:35:38,UPDATE_STORY,12
13:35:38,DELETE_STORY,11
13:35:38,SEARCH_LABELS,2
13:35:38,SEARCH_STORIES,1
13:35:38,SEARCH_STORIES,31
13:35:38,EXPORT_STORY,225
13:35:38,CREATE_STORY,7
13:35:38,UPDATE_STORY,12
13:35:38,DELETE_STORY,12
13:35:39,SEARCH_LABELS,3
13:35:39,SEARCH_STORIES,1
13:35:39,SEARCH_STORIES,23
13:35:39,SEARCH_LABELS,4
13:35:39,SEARCH_STORIES,3
13:35:39,SEARCH_STORIES,38
13:35:39,EXPORT_STORY,255
13:35:39,CREATE_STORY,6
13:35:39,UPDATE_STORY,11
13:35:39,SEARCH_LABELS,2
13:35:39,SEARCH_STORIES,2
13:35:39,DELETE_STORY,21
13:35:39,SEARCH_STORIES,30
13:35:39,EXPORT_STORY,319
13:35:40,CREATE_STORY,8
13:35:40,UPDATE_STORY,12
13:35:40,DELETE_STORY,12
13:35:40,EXPORT_STORY,327
13:35:40,CREATE_STORY,6
13:35:40,UPDATE_STORY,10
13:35:40,DELETE_STORY,13
13:35:40,SEARCH_LABELS,3
13:35:40,SEARCH_STORIES,1
13:35:40,SEARCH_STORIES,27
13:35:40,EXPORT_STORY,229
13:35:40,CREATE_STORY,6
13:35:40,UPDATE_STORY,9
13:35:40,DELETE_STORY,11
13:35:41,SEARCH_LABELS,3
13:35:41,SEARCH_STORIES,2
13:35:41,SEARCH_STORIES,22
13:35:41,SEARCH_LABELS,3
13:35:41,SEARCH_STORIES,1
13:35:41,SEARCH_STORIES,20
13:35:41,SEARCH_LABELS,5
13:35:41,SEARCH_STORIES,3
13:35:41,SEARCH_STORIES,55
13:35:41,EXPORT_STORY,349
13:35:41,CREATE_STORY,7
13:35:41,UPDATE_STORY,13
13:35:41,DELETE_STORY,14
13:35:41,EXPORT_STORY,383
13:35:41,CREATE_STORY,7
13:35:41,UPDATE_STORY,14
13:35:41,DELETE_STORY,13
13:35:42,EXPORT_STORY,279
13:35:42,CREATE_STORY,7
13:35:42,UPDATE_STORY,11
13:35:42,DELETE_STORY,10
13:35:42,SEARCH_LABELS,3
13:35:42,SEARCH_STORIES,2
13:35:42,SEARCH_STORIES,25
13:35:42,EXPORT_STORY,230
13:35:42,CREATE_STORY,6
13:35:42,UPDATE_STORY,10
13:35:42,DELETE_STORY,10
13:35:43,SEARCH_LABELS,3
13:35:43,SEARCH_STORIES,2
13:35:43,SEARCH_STORIES,24
13:35:43,SEARCH_LABELS,3
13:35:43,SEARCH_STORIES,2
13:35:43,SEARCH_STORIES,29
13:35:43,SEARCH_LABELS,5
13:35:43,SEARCH_STORIES,3
13:35:43,SEARCH_STORIES,42
13:35:43,EXPORT_STORY,382
13:35:43,CREATE_STORY,11
13:35:43,UPDATE_STORY,17
13:35:43,EXPORT_STORY,394
13:35:43,DELETE_STORY,12
13:35:43,CREATE_STORY,8
13:35:43,UPDATE_STORY,11
13:35:43,DELETE_STORY,13
13:35:43,EXPORT_STORY,263
13:35:43,CREATE_STORY,7
13:35:43,UPDATE_STORY,12
13:35:43,DELETE_STORY,10
13:35:44,SEARCH_LABELS,3
13:35:44,SEARCH_STORIES,2
13:35:44,SEARCH_STORIES,27
13:35:44,EXPORT_STORY,238
13:35:44,CREATE_STORY,7
13:35:44,UPDATE_STORY,12
13:35:44,DELETE_STORY,12
13:35:44,SEARCH_LABELS,3
13:35:44,SEARCH_STORIES,2
13:35:44,SEARCH_STORIES,26
13:35:45,EXPORT_STORY,231
13:35:45,CREATE_STORY,7
13:35:45,UPDATE_STORY,13
13:35:45,DELETE_STORY,9
13:35:45,SEARCH_LABELS,3
13:35:45,SEARCH_STORIES,2
13:35:45,SEARCH_STORIES,23
13:35:45,EXPORT_STORY,232
13:35:45,CREATE_STORY,6
13:35:45,UPDATE_STORY,10
13:35:45,DELETE_STORY,10
13:35:45,SEARCH_LABELS,3
13:35:45,SEARCH_STORIES,2
13:35:45,SEARCH_STORIES,23
13:35:46,EXPORT_STORY,228
13:35:46,CREATE_STORY,7
13:35:46,UPDATE_STORY,11
13:35:46,DELETE_STORY,10
13:35:46,SEARCH_LABELS,3
13:35:46,SEARCH_STORIES,2
13:35:46,SEARCH_STORIES,22
13:35:47,EXPORT_STORY,235
13:35:47,CREATE_STORY,6
13:35:47,UPDATE_STORY,10
13:35:47,DELETE_STORY,11
13:35:47,SEARCH_LABELS,3
13:35:47,SEARCH_STORIES,2
13:35:47,SEARCH_STORIES,22
13:35:47,EXPORT_STORY,238
13:35:47,CREATE_STORY,6
13:35:47,UPDATE_STORY,11
13:35:47,DELETE_STORY,11
13:35:47,SEARCH_LABELS,2
13:35:47,SEARCH_STORIES,2
13:35:47,SEARCH_STORIES,27
13:35:47,SEARCH_LABELS,3
13:35:47,SEARCH_STORIES,1
13:35:47,SEARCH_STORIES,25
13:35:48,EXPORT_STORY,346
13:35:48,CREATE_STORY,7
13:35:48,UPDATE_STORY,13
13:35:48,DELETE_STORY,14
13:35:48,EXPORT_STORY,364
13:35:48,CREATE_STORY,7
13:35:48,UPDATE_STORY,12
13:35:48,DELETE_STORY,10
13:35:48,SEARCH_LABELS,2
13:35:48,SEARCH_STORIES,2
13:35:48,SEARCH_STORIES,23
13:35:48,EXPORT_STORY,230
13:35:48,CREATE_STORY,6
13:35:48,UPDATE_STORY,11
13:35:48,DELETE_STORY,10
13:35:49,SEARCH_LABELS,3
13:35:49,SEARCH_STORIES,3
13:35:49,SEARCH_STORIES,24
13:35:49,SEARCH_LABELS,4
13:35:49,SEARCH_STORIES,4
13:35:49,SEARCH_STORIES,38
13:35:49,EXPORT_STORY,258
13:35:49,CREATE_STORY,8
13:35:49,SEARCH_LABELS,2
13:35:49,SEARCH_STORIES,2
13:35:49,UPDATE_STORY,13
13:35:49,DELETE_STORY,15
13:35:49,SEARCH_STORIES,31
13:35:49,EXPORT_STORY,307
13:35:49,CREATE_STORY,8
13:35:50,UPDATE_STORY,13
13:35:50,DELETE_STORY,12
13:35:50,EXPORT_STORY,321
13:35:50,CREATE_STORY,6
13:35:50,UPDATE_STORY,14
13:35:50,DELETE_STORY,9
13:35:50,SEARCH_LABELS,3
13:35:50,SEARCH_STORIES,2
13:35:50,SEARCH_STORIES,29
13:35:50,EXPORT_STORY,233
13:35:50,CREATE_STORY,6
13:35:50,UPDATE_STORY,11
13:35:50,DELETE_STORY,11
13:35:51,SEARCH_LABELS,3
13:35:51,SEARCH_STORIES,1
13:35:51,SEARCH_STORIES,24
13:35:51,SEARCH_LABELS,3
13:35:51,SEARCH_STORIES,1
13:35:51,SEARCH_STORIES,25
13:35:51,SEARCH_LABELS,6
13:35:51,SEARCH_STORIES,3
13:35:51,SEARCH_STORIES,44
13:35:51,EXPORT_STORY,336
13:35:51,CREATE_STORY,7
13:35:51,UPDATE_STORY,13
13:35:51,DELETE_STORY,14
13:35:51,EXPORT_STORY,393
13:35:51,CREATE_STORY,10
13:35:51,UPDATE_STORY,17
13:35:51,DELETE_STORY,12
13:35:52,EXPORT_STORY,288
13:35:52,CREATE_STORY,7
13:35:52,UPDATE_STORY,11
13:35:52,DELETE_STORY,10
13:35:52,SEARCH_LABELS,2
13:35:52,SEARCH_STORIES,2
13:35:52,SEARCH_STORIES,26
13:35:52,EXPORT_STORY,217
13:35:52,CREATE_STORY,7
13:35:52,UPDATE_STORY,14
13:35:52,DELETE_STORY,11
13:35:53,SEARCH_LABELS,3
13:35:53,SEARCH_STORIES,2
13:35:53,SEARCH_STORIES,22
13:35:53,SEARCH_LABELS,4
13:35:53,SEARCH_STORIES,1
13:35:53,SEARCH_STORIES,29
13:35:53,SEARCH_LABELS,5
13:35:53,SEARCH_STORIES,5
13:35:53,SEARCH_STORIES,49
13:35:53,EXPORT_STORY,365
13:35:53,CREATE_STORY,8
13:35:53,UPDATE_STORY,14
13:35:53,DELETE_STORY,14
13:35:53,EXPORT_STORY,382
13:35:53,CREATE_STORY,7
13:35:53,UPDATE_STORY,12
13:35:53,DELETE_STORY,10
13:35:53,EXPORT_STORY,247
13:35:53,CREATE_STORY,7
13:35:53,UPDATE_STORY,10
13:35:53,DELETE_STORY,10
13:35:54,SEARCH_LABELS,3
13:35:54,SEARCH_STORIES,1
13:35:54,SEARCH_STORIES,26
13:35:54,EXPORT_STORY,232
13:35:54,CREATE_STORY,7
13:35:54,UPDATE_STORY,10
13:35:54,DELETE_STORY,10
13:35:54,SEARCH_LABELS,3
13:35:54,SEARCH_STORIES,2
13:35:54,SEARCH_STORIES,27
13:35:55,EXPORT_STORY,226
13:35:55,CREATE_STORY,6
13:35:55,UPDATE_STORY,11
13:35:55,DELETE_STORY,10
13:35:55,SEARCH_LABELS,3
13:35:55,SEARCH_STORIES,1
13:35:55,SEARCH_STORIES,21
13:35:55,EXPORT_STORY,233
13:35:55,CREATE_STORY,6
13:35:55,UPDATE_STORY,9
13:35:55,DELETE_STORY,10
13:35:55,SEARCH_LABELS,3
13:35:55,SEARCH_STORIES,1
13:35:55,SEARCH_STORIES,23
13:35:56,EXPORT_STORY,226
13:35:56,CREATE_STORY,7
13:35:56,UPDATE_STORY,11
13:35:56,DELETE_STORY,13
13:35:56,SEARCH_LABELS,3
13:35:56,SEARCH_STORIES,2
13:35:56,SEARCH_STORIES,23
13:35:57,EXPORT_STORY,232
13:35:57,CREATE_STORY,6
13:35:57,UPDATE_STORY,10
13:35:57,DELETE_STORY,12
13:35:57,SEARCH_LABELS,3
13:35:57,SEARCH_STORIES,2
13:35:57,SEARCH_STORIES,24
13:35:57,EXPORT_STORY,230
13:35:57,CREATE_STORY,7
13:35:57,UPDATE_STORY,10
13:35:57,DELETE_STORY,11
13:35:57,SEARCH_LABELS,2
13:35:57,SEARCH_STORIES,1
13:35:57,SEARCH_STORIES,27
13:35:57,SEARCH_LABELS,3
13:35:57,SEARCH_STORIES,1
13:35:57,SEARCH_STORIES,26
13:35:58,EXPORT_STORY,352
13:35:58,CREATE_STORY,7
13:35:58,UPDATE_STORY,14
13:35:58,DELETE_STORY,13
13:35:58,EXPORT_STORY,357
13:35:58,CREATE_STORY,9
13:35:58,UPDATE_STORY,12
13:35:58,DELETE_STORY,12
13:35:58,SEARCH_LABELS,2
13:35:58,SEARCH_STORIES,2
13:35:58,SEARCH_STORIES,24
13:35:58,EXPORT_STORY,227
13:35:58,CREATE_STORY,7
13:35:58,UPDATE_STORY,12
13:35:58,DELETE_STORY,12
13:35:59,SEARCH_LABELS,3
13:35:59,SEARCH_STORIES,1
13:35:59,SEARCH_STORIES,23
13:35:59,SEARCH_LABELS,4
13:35:59,SEARCH_STORIES,4
13:35:59,SEARCH_STORIES,36
13:35:59,EXPORT_STORY,252
13:35:59,CREATE_STORY,7
13:35:59,UPDATE_STORY,10
13:35:59,SEARCH_LABELS,2
13:35:59,SEARCH_STORIES,2
13:35:59,DELETE_STORY,13
13:35:59,SEARCH_STORIES,34
13:35:59,EXPORT_STORY,306
13:35:59,CREATE_STORY,7
13:35:59,UPDATE_STORY,13
13:36:0,DELETE_STORY,15
13:36:0,EXPORT_STORY,316
13:36:0,CREATE_STORY,7
13:36:0,UPDATE_STORY,13
13:36:0,DELETE_STORY,11
13:36:0,SEARCH_LABELS,3
13:36:0,SEARCH_STORIES,2
13:36:0,SEARCH_STORIES,22
13:36:0,EXPORT_STORY,228
13:36:0,CREATE_STORY,8
13:36:0,UPDATE_STORY,11
13:36:0,DELETE_STORY,11
13:36:1,SEARCH_LABELS,3
13:36:1,SEARCH_STORIES,2
13:36:1,SEARCH_STORIES,22
13:36:1,SEARCH_LABELS,3
13:36:1,SEARCH_STORIES,2
13:36:1,SEARCH_STORIES,22
13:36:1,SEARCH_LABELS,4
13:36:1,SEARCH_STORIES,4
13:36:1,SEARCH_STORIES,52
13:36:1,EXPORT_STORY,318
13:36:1,CREATE_STORY,7
13:36:1,UPDATE_STORY,14
13:36:1,DELETE_STORY,12
13:36:1,EXPORT_STORY,376
13:36:1,CREATE_STORY,9
13:36:1,UPDATE_STORY,14
13:36:1,DELETE_STORY,14
13:36:1,EXPORT_STORY,285
13:36:2,CREATE_STORY,9
13:36:2,UPDATE_STORY,10
13:36:2,DELETE_STORY,11
13:36:2,SEARCH_LABELS,3
13:36:2,SEARCH_STORIES,2
13:36:2,SEARCH_STORIES,29
13:36:2,EXPORT_STORY,223
13:36:2,CREATE_STORY,6
13:36:2,UPDATE_STORY,11
13:36:2,DELETE_STORY,11
13:36:3,SEARCH_LABELS,3
13:36:3,SEARCH_STORIES,1
13:36:3,SEARCH_STORIES,25
13:36:3,SEARCH_LABELS,4
13:36:3,SEARCH_STORIES,2
13:36:3,SEARCH_STORIES,28
13:36:3,SEARCH_LABELS,4
13:36:3,SEARCH_STORIES,2
13:36:3,SEARCH_STORIES,46
13:36:3,EXPORT_STORY,371
13:36:3,CREATE_STORY,8
13:36:3,UPDATE_STORY,15
13:36:3,DELETE_STORY,20
13:36:3,EXPORT_STORY,398
13:36:3,CREATE_STORY,6
13:36:3,UPDATE_STORY,13
13:36:3,DELETE_STORY,12
13:36:3,EXPORT_STORY,249
13:36:3,CREATE_STORY,6
13:36:3,UPDATE_STORY,10
13:36:3,DELETE_STORY,10
13:36:4,SEARCH_LABELS,3
13:36:4,SEARCH_STORIES,2
13:36:4,SEARCH_STORIES,23
13:36:4,EXPORT_STORY,243
13:36:4,CREATE_STORY,7
13:36:4,UPDATE_STORY,11
13:36:4,DELETE_STORY,10
13:36:4,SEARCH_LABELS,3
13:36:4,SEARCH_STORIES,2
13:36:4,SEARCH_STORIES,28
13:36:5,EXPORT_STORY,225
13:36:5,CREATE_STORY,6
13:36:5,UPDATE_STORY,13
13:36:5,DELETE_STORY,10
13:36:5,SEARCH_LABELS,2
13:36:5,SEARCH_STORIES,2
13:36:5,SEARCH_STORIES,23
13:36:5,EXPORT_STORY,235
13:36:5,CREATE_STORY,6
13:36:5,UPDATE_STORY,10
13:36:5,DELETE_STORY,11
13:36:5,SEARCH_LABELS,2
13:36:5,SEARCH_STORIES,2
13:36:5,SEARCH_STORIES,24
13:36:6,EXPORT_STORY,233
13:36:6,CREATE_STORY,7
13:36:6,UPDATE_STORY,11
13:36:6,DELETE_STORY,11
13:36:6,SEARCH_LABELS,3
13:36:6,SEARCH_STORIES,2
13:36:6,SEARCH_STORIES,24
13:36:7,EXPORT_STORY,231
13:36:7,CREATE_STORY,7
13:36:7,UPDATE_STORY,10
13:36:7,DELETE_STORY,11
13:36:7,SEARCH_LABELS,2
13:36:7,SEARCH_STORIES,2
13:36:7,SEARCH_STORIES,23
13:36:7,EXPORT_STORY,230
13:36:7,CREATE_STORY,5
13:36:7,UPDATE_STORY,11
13:36:7,DELETE_STORY,11
13:36:7,SEARCH_LABELS,3
13:36:7,SEARCH_STORIES,1
13:36:7,SEARCH_STORIES,26
13:36:7,SEARCH_LABELS,3
13:36:7,SEARCH_STORIES,2
13:36:7,SEARCH_STORIES,23
13:36:8,EXPORT_STORY,344
13:36:8,CREATE_STORY,7
13:36:8,UPDATE_STORY,11
13:36:8,DELETE_STORY,11
13:36:8,EXPORT_STORY,360
13:36:8,CREATE_STORY,6
13:36:8,UPDATE_STORY,10
13:36:8,DELETE_STORY,12
13:36:8,SEARCH_LABELS,2
13:36:8,SEARCH_STORIES,2
13:36:8,SEARCH_STORIES,22
13:36:8,EXPORT_STORY,222
13:36:8,CREATE_STORY,6
13:36:8,UPDATE_STORY,11
13:36:8,DELETE_STORY,11
13:36:9,SEARCH_LABELS,3
13:36:9,SEARCH_STORIES,1
13:36:9,SEARCH_STORIES,23
13:36:9,SEARCH_LABELS,4
13:36:9,SEARCH_STORIES,3
13:36:9,SEARCH_STORIES,32
13:36:9,EXPORT_STORY,246
13:36:9,CREATE_STORY,7
13:36:9,UPDATE_STORY,10
13:36:9,DELETE_STORY,11
13:36:9,SEARCH_LABELS,2
13:36:9,SEARCH_STORIES,2
13:36:9,SEARCH_STORIES,30
13:36:9,EXPORT_STORY,326
13:36:9,CREATE_STORY,8
13:36:10,UPDATE_STORY,13
13:36:10,DELETE_STORY,11
13:36:10,EXPORT_STORY,335
13:36:10,CREATE_STORY,5
13:36:10,UPDATE_STORY,10
13:36:10,DELETE_STORY,11
13:36:10,SEARCH_LABELS,3
13:36:10,SEARCH_STORIES,1
13:36:10,SEARCH_STORIES,29
13:36:10,EXPORT_STORY,230
13:36:10,CREATE_STORY,6
13:36:10,UPDATE_STORY,10
13:36:10,DELETE_STORY,9
13:36:11,SEARCH_LABELS,3
13:36:11,SEARCH_STORIES,2
