16:53:16,null,TEST START TIMESTAMP
16:53:17,REGISTER,1265
16:53:20,LOGIN,3226
16:53:21,REGISTER,1046
16:53:22,SEARCH_LABELS,1329
16:53:22,LOGIN,996
16:53:22,SEARCH_LABELS,83
16:53:23,SEARCH_STORIES,1268
16:53:23,SEARCH_STORIES,131
16:53:23,REGISTER,1079
16:53:24,SEARCH_STORIES,1291
16:53:24,SEARCH_STORIES,79
16:53:24,LOGIN,999
16:53:24,SEARCH_LABELS,69
16:53:24,SEARCH_STORIES,57
16:53:25,SEARCH_STORIES,74
16:53:25,REGISTER,1012
16:53:26,EXPORT_STORY,2605
16:53:26,EXPORT_STORY,1642
16:53:26,LOGIN,1084
16:53:27,EXPORT_STORY,2860
16:53:28,SEARCH_LABELS,1319
16:53:28,CREATE_STORY,2391
16:53:29,CREATE_STORY,2399
16:53:29,REGISTER,2318
16:53:29,CREATE_STORY,2350
16:53:30,UPDATE_STORY,1263
16:53:30,SEARCH_STORIES,2361
16:53:30,SEARCH_STORIES,155
16:53:30,UPDATE_STORY,2458
16:53:31,UPDATE_STORY,2348
16:53:32,EXPORT_STORY,1564
16:53:32,LOGIN,3295
16:53:33,DELETE_STORY,1304
16:53:33,DELETE_STORY,2356
16:53:33,DELETE_STORY,3462
16:53:34,SEARCH_LABELS,1248
16:53:34,SEARCH_LABELS,58
16:53:35,CREATE_STORY,3302
16:53:35,REGISTER,3222
16:53:35,SEARCH_LABELS,3473
16:53:36,SEARCH_STORIES,1312
16:53:36,SEARCH_STORIES,77
16:53:36,SEARCH_LABELS,3362
16:53:36,SEARCH_STORIES,55
16:53:36,SEARCH_STORIES,77
16:53:37,SEARCH_STORIES,3311
16:53:37,SEARCH_STORIES,81
16:53:37,LOGIN,2242
16:53:38,SEARCH_STORIES,2304
16:53:38,SEARCH_STORIES,84
16:53:39,EXPORT_STORY,2758
16:53:39,EXPORT_STORY,1854
16:53:39,EXPORT_STORY,2817
16:53:39,UPDATE_STORY,4380
16:53:40,DELETE_STORY,18
16:53:40,SEARCH_LABELS,17
16:53:40,REGISTER,2455
16:53:40,LOGIN,15
16:53:40,REGISTER,28
16:53:40,SEARCH_LABELS,56
16:53:40,LOGIN,31
16:53:40,REGISTER,42
16:53:40,SEARCH_LABELS,47
16:53:40,LOGIN,16
16:53:40,REGISTER,20
16:53:40,SEARCH_LABELS,25
16:53:40,LOGIN,29
16:53:40,SEARCH_LABELS,31
16:53:40,REGISTER,39
16:53:40,LOGIN,19
16:53:40,REGISTER,23
16:53:40,SEARCH_LABELS,26
16:53:40,LOGIN,21
16:53:40,SEARCH_LABELS,30
16:53:40,REGISTER,37
16:53:40,LOGIN,10
16:53:40,REGISTER,31
16:53:40,SEARCH_LABELS,33
16:53:40,LOGIN,18
16:53:40,REGISTER,31
16:53:40,SEARCH_LABELS,42
16:53:40,LOGIN,24
16:53:40,SEARCH_LABELS,25
16:53:40,REGISTER,24
16:53:40,LOGIN,14
16:53:40,REGISTER,19
16:53:40,SEARCH_LABELS,23
16:53:40,LOGIN,28
16:53:40,SEARCH_LABELS,21
16:53:40,REGISTER,23
16:53:41,LOGIN,11
16:53:41,REGISTER,17
16:53:41,SEARCH_LABELS,27
16:53:41,LOGIN,16
16:53:41,REGISTER,12
16:53:41,SEARCH_LABELS,20
16:53:41,LOGIN,16
16:53:41,SEARCH_LABELS,17
16:53:41,SEARCH_LABELS,3385
16:53:41,SEARCH_STORIES,11
16:53:41,CREATE_STORY,2367
16:53:41,SEARCH_STORIES,15
16:53:41,UPDATE_STORY,14
16:53:41,DELETE_STORY,34
16:53:41,CREATE_STORY,2374
16:53:41,UPDATE_STORY,13
16:53:41,DELETE_STORY,12
16:53:41,EXPORT_STORY,3588
16:53:41,SEARCH_LABELS,19
16:53:41,CREATE_STORY,12
16:53:42,CREATE_STORY,3330
16:53:42,UPDATE_STORY,13
16:53:42,DELETE_STORY,8
16:53:42,SEARCH_LABELS,12
16:53:44,SEARCH_LABELS,9
